road,point,hour,traffic_percent,currentSpeed,freeFlowSpeed,num_Vehicles
Cahill Expressway Northbound,"-33.86161,151.21329",07:00,0.0,42,42,1102.0
Cahill Expressway Northbound,"-33.8633,151.21326",07:00,0.0,42,42,1102.0
Cahill Expressway Northbound,"-33.86155,151.21224",07:00,0.0,61,61,1102.0
Cahill Expressway Northbound,"-33.86094,151.20603",07:00,0.0,60,60,1102.0
Cahill Expressway Northbound,"-33.86024,151.20454",07:00,0.0,61,61,1102.0
Cahill Expressway Northbound,"-33.86102,151.20515",07:00,0.0,61,61,1102.0
Cahill Expressway Northbound,"-33.86161,151.21329",07:15,0.0,42,42,1102.0
Cahill Expressway Northbound,"-33.8633,151.21326",07:15,0.0,42,42,1102.0
Cahill Expressway Northbound,"-33.86155,151.21224",07:15,0.0,61,61,1102.0
Cahill Expressway Northbound,"-33.86094,151.20603",07:15,0.0,60,60,1102.0
Cahill Expressway Northbound,"-33.86024,151.20454",07:15,0.0,61,61,1102.0
Cahill Expressway Northbound,"-33.86102,151.20515",07:15,0.0,61,61,1102.0
Cahill Expressway Northbound,"-33.86161,151.21329",07:30,0.0,43,43,1102.0
Cahill Expressway Northbound,"-33.8633,151.21326",07:30,0.0,43,43,1102.0
Cahill Expressway Northbound,"-33.86155,151.21224",07:30,0.0,61,61,1102.0
Cahill Expressway Northbound,"-33.86094,151.20603",07:30,0.0,60,60,1102.0
Cahill Expressway Northbound,"-33.86024,151.20454",07:30,0.0,61,61,1102.0
Cahill Expressway Northbound,"-33.86102,151.20515",07:30,0.0,61,61,1102.0
Cahill Expressway Northbound,"-33.86161,151.21329",07:45,45.238095238095234,23,42,1102.0
Cahill Expressway Northbound,"-33.8633,151.21326",07:45,45.238095238095234,23,42,1102.0
Cahill Expressway Northbound,"-33.86155,151.21224",07:45,15.000000000000002,51,60,1102.0
Cahill Expressway Northbound,"-33.86094,151.20603",07:45,0.0,60,60,1102.0
Cahill Expressway Northbound,"-33.86024,151.20454",07:45,15.000000000000002,51,60,1102.0
Cahill Expressway Northbound,"-33.86102,151.20515",07:45,19.672131147540984,49,61,1102.0
Cahill Expressway Northbound,"-33.86161,151.21329",08:00,26.190476190476183,31,42,1236.0
Cahill Expressway Northbound,"-33.8633,151.21326",08:00,26.190476190476183,31,42,1236.0
Cahill Expressway Northbound,"-33.86155,151.21224",08:00,0.0,60,60,1236.0
Cahill Expressway Northbound,"-33.86094,151.20603",08:00,0.0,60,60,1236.0
Cahill Expressway Northbound,"-33.86024,151.20454",08:00,0.0,60,60,1236.0
Cahill Expressway Northbound,"-33.86102,151.20515",08:00,0.0,60,60,1236.0
Cahill Expressway Northbound,"-33.86161,151.21329",08:15,0.0,42,42,1236.0
Cahill Expressway Northbound,"-33.8633,151.21326",08:15,0.0,42,42,1236.0
Cahill Expressway Northbound,"-33.86155,151.21224",08:15,21.666666666666668,47,60,1236.0
Cahill Expressway Northbound,"-33.86094,151.20603",08:15,0.0,60,60,1236.0
Cahill Expressway Northbound,"-33.86024,151.20454",08:15,21.666666666666668,47,60,1236.0
Cahill Expressway Northbound,"-33.86102,151.20515",08:15,21.666666666666668,47,60,1236.0
Cahill Expressway Northbound,"-33.86161,151.21329",08:30,75.60975609756098,10,41,1236.0
Cahill Expressway Northbound,"-33.8633,151.21326",08:30,75.60975609756098,10,41,1236.0
Cahill Expressway Northbound,"-33.86155,151.21224",08:30,21.666666666666668,47,60,1236.0
Cahill Expressway Northbound,"-33.86094,151.20603",08:30,0.0,60,60,1236.0
Cahill Expressway Northbound,"-33.86024,151.20454",08:30,21.666666666666668,47,60,1236.0
Cahill Expressway Northbound,"-33.86102,151.20515",08:30,21.666666666666668,47,60,1236.0
Cahill Expressway Northbound,"-33.86161,151.21329",08:45,33.333333333333336,28,42,1236.0
Cahill Expressway Northbound,"-33.8633,151.21326",08:45,33.333333333333336,28,42,1236.0
Cahill Expressway Northbound,"-33.86155,151.21224",08:45,0.0,60,60,1236.0
Cahill Expressway Northbound,"-33.86094,151.20603",08:45,0.0,60,60,1236.0
Cahill Expressway Northbound,"-33.86024,151.20454",08:45,0.0,60,60,1236.0
Cahill Expressway Northbound,"-33.86102,151.20515",08:45,0.0,60,60,1236.0
Cahill Expressway Northbound,"-33.86161,151.21329",09:00,0.0,43,43,1035.0
Cahill Expressway Northbound,"-33.8633,151.21326",09:00,0.0,43,43,1035.0
Cahill Expressway Northbound,"-33.86155,151.21224",09:00,16.666666666666664,50,60,1035.0
Cahill Expressway Northbound,"-33.86094,151.20603",09:00,0.0,60,60,1035.0
Cahill Expressway Northbound,"-33.86024,151.20454",09:00,16.666666666666664,50,60,1035.0
Cahill Expressway Northbound,"-33.86102,151.20515",09:00,16.666666666666664,50,60,1035.0
Cahill Expressway Northbound,"-33.86161,151.21329",09:15,0.0,43,43,1035.0
Cahill Expressway Northbound,"-33.8633,151.21326",09:15,0.0,43,43,1035.0
Cahill Expressway Northbound,"-33.86155,151.21224",09:15,0.0,60,60,1035.0
Cahill Expressway Northbound,"-33.86094,151.20603",09:15,0.0,60,60,1035.0
Cahill Expressway Northbound,"-33.86024,151.20454",09:15,0.0,60,60,1035.0
Cahill Expressway Northbound,"-33.86102,151.20515",09:15,0.0,60,60,1035.0
Cahill Expressway Northbound,"-33.86161,151.21329",09:30,0.0,42,42,1035.0
Cahill Expressway Northbound,"-33.8633,151.21326",09:30,0.0,42,42,1035.0
Cahill Expressway Northbound,"-33.86155,151.21224",09:30,0.0,60,60,1035.0
Cahill Expressway Northbound,"-33.86094,151.20603",09:30,0.0,60,60,1035.0
Cahill Expressway Northbound,"-33.86024,151.20454",09:30,0.0,60,60,1035.0
Cahill Expressway Northbound,"-33.86102,151.20515",09:30,0.0,60,60,1035.0
Cahill Expressway Northbound,"-33.86161,151.21329",09:45,0.0,42,42,1035.0
Cahill Expressway Northbound,"-33.8633,151.21326",09:45,0.0,42,42,1035.0
Cahill Expressway Northbound,"-33.86155,151.21224",09:45,0.0,60,60,1035.0
Cahill Expressway Northbound,"-33.86094,151.20603",09:45,0.0,60,60,1035.0
Cahill Expressway Northbound,"-33.86024,151.20454",09:45,0.0,60,60,1035.0
Cahill Expressway Northbound,"-33.86102,151.20515",09:45,0.0,60,60,1035.0
Elizabeth Drive Westbound,"-33.87716,150.84332",07:00,17.24137931034483,48,58,1312.0
Elizabeth Drive Westbound,"-33.87476,150.83832",07:00,0.0,71,71,1312.0
Elizabeth Drive Westbound,"-33.87603,150.82784",07:00,0.0,66,66,1312.0
Elizabeth Drive Westbound,"-33.88073,150.81972",07:00,0.0,71,71,1312.0
Elizabeth Drive Westbound,"-33.88042,150.8097",07:00,0.0,66,66,1312.0
Elizabeth Drive Westbound,"-33.88076,150.80432",07:00,0.0,66,66,1312.0
Elizabeth Drive Westbound,"-33.88049,150.79247",07:00,0.0,66,66,1312.0
Elizabeth Drive Westbound,"-33.87824,150.78295",07:00,0.0,66,66,1312.0
Elizabeth Drive Westbound,"-33.87576,150.76878",07:00,0.0,73,73,1312.0
Elizabeth Drive Westbound,"-33.87385,150.75439",07:00,0.0,73,73,1312.0
Elizabeth Drive Westbound,"-33.87348,150.74997",07:00,0.0,73,73,1312.0
Elizabeth Drive Westbound,"-33.87092,150.73242",07:00,0.0,79,79,1312.0
Elizabeth Drive Westbound,"-33.86831,150.71664",07:00,0.0,71,71,1312.0
Elizabeth Drive Westbound,"-33.86463,150.70826",07:00,0.0,57,57,1312.0
Elizabeth Drive Westbound,"-33.87716,150.84332",07:15,0.0,58,58,1312.0
Elizabeth Drive Westbound,"-33.87476,150.83832",07:15,0.0,71,71,1312.0
Elizabeth Drive Westbound,"-33.87603,150.82784",07:15,0.0,66,66,1312.0
Elizabeth Drive Westbound,"-33.88073,150.81972",07:15,0.0,71,71,1312.0
Elizabeth Drive Westbound,"-33.88042,150.8097",07:15,0.0,66,66,1312.0
Elizabeth Drive Westbound,"-33.88076,150.80432",07:15,0.0,66,66,1312.0
Elizabeth Drive Westbound,"-33.88049,150.79247",07:15,0.0,66,66,1312.0
Elizabeth Drive Westbound,"-33.87824,150.78295",07:15,0.0,66,66,1312.0
Elizabeth Drive Westbound,"-33.87576,150.76878",07:15,0.0,73,73,1312.0
Elizabeth Drive Westbound,"-33.87385,150.75439",07:15,0.0,73,73,1312.0
Elizabeth Drive Westbound,"-33.87348,150.74997",07:15,0.0,73,73,1312.0
Elizabeth Drive Westbound,"-33.87092,150.73242",07:15,0.0,79,79,1312.0
Elizabeth Drive Westbound,"-33.86831,150.71664",07:15,0.0,71,71,1312.0
Elizabeth Drive Westbound,"-33.86463,150.70826",07:15,0.0,58,58,1312.0
Elizabeth Drive Westbound,"-33.87716,150.84332",07:30,15.789473684210533,48,57,1312.0
Elizabeth Drive Westbound,"-33.87476,150.83832",07:30,0.0,71,71,1312.0
Elizabeth Drive Westbound,"-33.87603,150.82784",07:30,18.181818181818176,54,66,1312.0
Elizabeth Drive Westbound,"-33.88073,150.81972",07:30,0.0,71,71,1312.0
Elizabeth Drive Westbound,"-33.88042,150.8097",07:30,18.181818181818176,54,66,1312.0
Elizabeth Drive Westbound,"-33.88076,150.80432",07:30,0.0,66,66,1312.0
Elizabeth Drive Westbound,"-33.88049,150.79247",07:30,21.21212121212121,52,66,1312.0
Elizabeth Drive Westbound,"-33.87824,150.78295",07:30,21.21212121212121,52,66,1312.0
Elizabeth Drive Westbound,"-33.87576,150.76878",07:30,0.0,73,73,1312.0
Elizabeth Drive Westbound,"-33.87385,150.75439",07:30,0.0,73,73,1312.0
Elizabeth Drive Westbound,"-33.87348,150.74997",07:30,0.0,73,73,1312.0
Elizabeth Drive Westbound,"-33.87092,150.73242",07:30,0.0,79,79,1312.0
Elizabeth Drive Westbound,"-33.86831,150.71664",07:30,0.0,71,71,1312.0
Elizabeth Drive Westbound,"-33.86463,150.70826",07:30,0.0,58,58,1312.0
Elizabeth Drive Westbound,"-33.87716,150.84332",07:45,21.052631578947366,45,57,1312.0
Elizabeth Drive Westbound,"-33.87476,150.83832",07:45,13.043478260869568,60,69,1312.0
Elizabeth Drive Westbound,"-33.87603,150.82784",07:45,37.31343283582089,42,67,1312.0
Elizabeth Drive Westbound,"-33.88073,150.81972",07:45,13.043478260869568,60,69,1312.0
Elizabeth Drive Westbound,"-33.88042,150.8097",07:45,37.31343283582089,42,67,1312.0
Elizabeth Drive Westbound,"-33.88076,150.80432",07:45,0.0,66,66,1312.0
Elizabeth Drive Westbound,"-33.88049,150.79247",07:45,0.0,66,66,1312.0
Elizabeth Drive Westbound,"-33.87824,150.78295",07:45,0.0,66,66,1312.0
Elizabeth Drive Westbound,"-33.87576,150.76878",07:45,0.0,73,73,1312.0
Elizabeth Drive Westbound,"-33.87385,150.75439",07:45,0.0,73,73,1312.0
Elizabeth Drive Westbound,"-33.87348,150.74997",07:45,0.0,73,73,1312.0
Elizabeth Drive Westbound,"-33.87092,150.73242",07:45,0.0,79,79,1312.0
Elizabeth Drive Westbound,"-33.86831,150.71664",07:45,0.0,71,71,1312.0
Elizabeth Drive Westbound,"-33.86463,150.70826",07:45,0.0,58,58,1312.0
Elizabeth Drive Westbound,"-33.87716,150.84332",08:00,20.68965517241379,46,58,1359.0
Elizabeth Drive Westbound,"-33.87476,150.83832",08:00,0.0,70,70,1359.0
Elizabeth Drive Westbound,"-33.87603,150.82784",08:00,38.23529411764706,42,68,1359.0
Elizabeth Drive Westbound,"-33.88073,150.81972",08:00,0.0,70,70,1359.0
Elizabeth Drive Westbound,"-33.88042,150.8097",08:00,38.23529411764706,42,68,1359.0
Elizabeth Drive Westbound,"-33.88076,150.80432",08:00,0.0,66,66,1359.0
Elizabeth Drive Westbound,"-33.88049,150.79247",08:00,0.0,65,65,1359.0
Elizabeth Drive Westbound,"-33.87824,150.78295",08:00,0.0,65,65,1359.0
Elizabeth Drive Westbound,"-33.87576,150.76878",08:00,0.0,73,73,1359.0
Elizabeth Drive Westbound,"-33.87385,150.75439",08:00,0.0,73,73,1359.0
Elizabeth Drive Westbound,"-33.87348,150.74997",08:00,0.0,73,73,1359.0
Elizabeth Drive Westbound,"-33.87092,150.73242",08:00,0.0,79,79,1359.0
Elizabeth Drive Westbound,"-33.86831,150.71664",08:00,0.0,71,71,1359.0
Elizabeth Drive Westbound,"-33.86463,150.70826",08:00,0.0,57,57,1359.0
Elizabeth Drive Westbound,"-33.87716,150.84332",08:15,18.96551724137932,47,58,1359.0
Elizabeth Drive Westbound,"-33.87476,150.83832",08:15,0.0,70,70,1359.0
Elizabeth Drive Westbound,"-33.87603,150.82784",08:15,26.470588235294112,50,68,1359.0
Elizabeth Drive Westbound,"-33.88073,150.81972",08:15,0.0,70,70,1359.0
Elizabeth Drive Westbound,"-33.88042,150.8097",08:15,26.470588235294112,50,68,1359.0
Elizabeth Drive Westbound,"-33.88076,150.80432",08:15,15.384615384615383,55,65,1359.0
Elizabeth Drive Westbound,"-33.88049,150.79247",08:15,0.0,65,65,1359.0
Elizabeth Drive Westbound,"-33.87824,150.78295",08:15,0.0,65,65,1359.0
Elizabeth Drive Westbound,"-33.87576,150.76878",08:15,0.0,73,73,1359.0
Elizabeth Drive Westbound,"-33.87385,150.75439",08:15,0.0,73,73,1359.0
Elizabeth Drive Westbound,"-33.87348,150.74997",08:15,0.0,73,73,1359.0
Elizabeth Drive Westbound,"-33.87092,150.73242",08:15,0.0,79,79,1359.0
Elizabeth Drive Westbound,"-33.86831,150.71664",08:15,0.0,70,70,1359.0
Elizabeth Drive Westbound,"-33.86463,150.70826",08:15,0.0,57,57,1359.0
Elizabeth Drive Westbound,"-33.87716,150.84332",08:30,18.96551724137932,47,58,1359.0
Elizabeth Drive Westbound,"-33.87476,150.83832",08:30,0.0,70,70,1359.0
Elizabeth Drive Westbound,"-33.87603,150.82784",08:30,10.29411764705882,61,68,1359.0
Elizabeth Drive Westbound,"-33.88073,150.81972",08:30,0.0,70,70,1359.0
Elizabeth Drive Westbound,"-33.88042,150.8097",08:30,10.29411764705882,61,68,1359.0
Elizabeth Drive Westbound,"-33.88076,150.80432",08:30,0.0,65,65,1359.0
Elizabeth Drive Westbound,"-33.88049,150.79247",08:30,0.0,66,66,1359.0
Elizabeth Drive Westbound,"-33.87824,150.78295",08:30,0.0,66,66,1359.0
Elizabeth Drive Westbound,"-33.87576,150.76878",08:30,0.0,73,73,1359.0
Elizabeth Drive Westbound,"-33.87385,150.75439",08:30,0.0,73,73,1359.0
Elizabeth Drive Westbound,"-33.87348,150.74997",08:30,0.0,73,73,1359.0
Elizabeth Drive Westbound,"-33.87092,150.73242",08:30,0.0,79,79,1359.0
Elizabeth Drive Westbound,"-33.86831,150.71664",08:30,27.142857142857142,51,70,1359.0
Elizabeth Drive Westbound,"-33.86463,150.70826",08:30,0.0,57,57,1359.0
Elizabeth Drive Westbound,"-33.87716,150.84332",08:45,20.68965517241379,46,58,1359.0
Elizabeth Drive Westbound,"-33.87476,150.83832",08:45,0.0,70,70,1359.0
Elizabeth Drive Westbound,"-33.87603,150.82784",08:45,0.0,69,69,1359.0
Elizabeth Drive Westbound,"-33.88073,150.81972",08:45,0.0,70,70,1359.0
Elizabeth Drive Westbound,"-33.88042,150.8097",08:45,0.0,69,69,1359.0
Elizabeth Drive Westbound,"-33.88076,150.80432",08:45,0.0,65,65,1359.0
Elizabeth Drive Westbound,"-33.88049,150.79247",08:45,0.0,66,66,1359.0
Elizabeth Drive Westbound,"-33.87824,150.78295",08:45,0.0,66,66,1359.0
Elizabeth Drive Westbound,"-33.87576,150.76878",08:45,0.0,73,73,1359.0
Elizabeth Drive Westbound,"-33.87385,150.75439",08:45,0.0,73,73,1359.0
Elizabeth Drive Westbound,"-33.87348,150.74997",08:45,0.0,73,73,1359.0
Elizabeth Drive Westbound,"-33.87092,150.73242",08:45,0.0,79,79,1359.0
Elizabeth Drive Westbound,"-33.86831,150.71664",08:45,0.0,70,70,1359.0
Elizabeth Drive Westbound,"-33.86463,150.70826",08:45,0.0,57,57,1359.0
Elizabeth Drive Westbound,"-33.87716,150.84332",09:00,0.0,58,58,877.0
Elizabeth Drive Westbound,"-33.87476,150.83832",09:00,0.0,70,70,877.0
Elizabeth Drive Westbound,"-33.87603,150.82784",09:00,0.0,69,69,877.0
Elizabeth Drive Westbound,"-33.88073,150.81972",09:00,0.0,70,70,877.0
Elizabeth Drive Westbound,"-33.88042,150.8097",09:00,0.0,69,69,877.0
Elizabeth Drive Westbound,"-33.88076,150.80432",09:00,0.0,65,65,877.0
Elizabeth Drive Westbound,"-33.88049,150.79247",09:00,0.0,66,66,877.0
Elizabeth Drive Westbound,"-33.87824,150.78295",09:00,0.0,66,66,877.0
Elizabeth Drive Westbound,"-33.87576,150.76878",09:00,0.0,73,73,877.0
Elizabeth Drive Westbound,"-33.87385,150.75439",09:00,0.0,73,73,877.0
Elizabeth Drive Westbound,"-33.87348,150.74997",09:00,0.0,73,73,877.0
Elizabeth Drive Westbound,"-33.87092,150.73242",09:00,0.0,79,79,877.0
Elizabeth Drive Westbound,"-33.86831,150.71664",09:00,56.33802816901409,31,71,877.0
Elizabeth Drive Westbound,"-33.86463,150.70826",09:00,27.58620689655172,42,58,877.0
Elizabeth Drive Westbound,"-33.87716,150.84332",09:15,21.052631578947366,45,57,877.0
Elizabeth Drive Westbound,"-33.87476,150.83832",09:15,0.0,70,70,877.0
Elizabeth Drive Westbound,"-33.87603,150.82784",09:15,0.0,67,67,877.0
Elizabeth Drive Westbound,"-33.88073,150.81972",09:15,0.0,70,70,877.0
Elizabeth Drive Westbound,"-33.88042,150.8097",09:15,0.0,67,67,877.0
Elizabeth Drive Westbound,"-33.88076,150.80432",09:15,0.0,65,65,877.0
Elizabeth Drive Westbound,"-33.88049,150.79247",09:15,0.0,66,66,877.0
Elizabeth Drive Westbound,"-33.87824,150.78295",09:15,0.0,66,66,877.0
Elizabeth Drive Westbound,"-33.87576,150.76878",09:15,0.0,73,73,877.0
Elizabeth Drive Westbound,"-33.87385,150.75439",09:15,0.0,73,73,877.0
Elizabeth Drive Westbound,"-33.87348,150.74997",09:15,0.0,73,73,877.0
Elizabeth Drive Westbound,"-33.87092,150.73242",09:15,0.0,79,79,877.0
Elizabeth Drive Westbound,"-33.86831,150.71664",09:15,40.845070422535215,42,71,877.0
Elizabeth Drive Westbound,"-33.86463,150.70826",09:15,21.052631578947366,45,57,877.0
Elizabeth Drive Westbound,"-33.87716,150.84332",09:30,0.0,57,57,877.0
Elizabeth Drive Westbound,"-33.87476,150.83832",09:30,0.0,70,70,877.0
Elizabeth Drive Westbound,"-33.87603,150.82784",09:30,0.0,67,67,877.0
Elizabeth Drive Westbound,"-33.88073,150.81972",09:30,0.0,70,70,877.0
Elizabeth Drive Westbound,"-33.88042,150.8097",09:30,0.0,67,67,877.0
Elizabeth Drive Westbound,"-33.88076,150.80432",09:30,0.0,66,66,877.0
Elizabeth Drive Westbound,"-33.88049,150.79247",09:30,0.0,66,66,877.0
Elizabeth Drive Westbound,"-33.87824,150.78295",09:30,0.0,66,66,877.0
Elizabeth Drive Westbound,"-33.87576,150.76878",09:30,0.0,73,73,877.0
Elizabeth Drive Westbound,"-33.87385,150.75439",09:30,0.0,73,73,877.0
Elizabeth Drive Westbound,"-33.87348,150.74997",09:30,0.0,73,73,877.0
Elizabeth Drive Westbound,"-33.87092,150.73242",09:30,0.0,79,79,877.0
Elizabeth Drive Westbound,"-33.86831,150.71664",09:30,0.0,71,71,877.0
Elizabeth Drive Westbound,"-33.86463,150.70826",09:30,9.836065573770492,55,61,877.0
Elizabeth Drive Eastbound,"-33.86547,150.69865",07:00,0.0,49,49,1464.0
Elizabeth Drive Eastbound,"-33.86461,150.70842",07:00,0.0,74,74,1464.0
Elizabeth Drive Eastbound,"-33.86851,150.71696",07:00,0.0,65,65,1464.0
Elizabeth Drive Eastbound,"-33.87107,150.73361",07:00,0.0,78,78,1464.0
Elizabeth Drive Eastbound,"-33.87338,150.75003",07:00,0.0,75,75,1464.0
Elizabeth Drive Eastbound,"-33.87418,150.75697",07:00,0.0,73,73,1464.0
Elizabeth Drive Eastbound,"-33.87592,150.76988",07:00,0.0,75,75,1464.0
Elizabeth Drive Eastbound,"-33.87935,150.78513",07:00,0.0,68,68,1464.0
Elizabeth Drive Eastbound,"-33.8807,150.79352",07:00,0.0,62,62,1464.0
Elizabeth Drive Eastbound,"-33.88072,150.80624",07:00,0.0,66,66,1464.0
Elizabeth Drive Eastbound,"-33.88042,150.8097",07:00,0.0,66,66,1464.0
Elizabeth Drive Eastbound,"-33.88073,150.81972",07:00,0.0,71,71,1464.0
Elizabeth Drive Eastbound,"-33.87603,150.82784",07:00,0.0,66,66,1464.0
Elizabeth Drive Eastbound,"-33.87476,150.83832",07:00,0.0,71,71,1464.0
Elizabeth Drive Eastbound,"-33.877,150.84343",07:00,0.0,66,66,1464.0
Elizabeth Drive Eastbound,"-33.86547,150.69865",07:15,0.0,49,49,1464.0
Elizabeth Drive Eastbound,"-33.86461,150.70842",07:15,0.0,74,74,1464.0
Elizabeth Drive Eastbound,"-33.86851,150.71696",07:15,56.060606060606055,29,66,1464.0
Elizabeth Drive Eastbound,"-33.87107,150.73361",07:15,0.0,78,78,1464.0
Elizabeth Drive Eastbound,"-33.87338,150.75003",07:15,0.0,75,75,1464.0
Elizabeth Drive Eastbound,"-33.87418,150.75697",07:15,0.0,73,73,1464.0
Elizabeth Drive Eastbound,"-33.87592,150.76988",07:15,0.0,75,75,1464.0
Elizabeth Drive Eastbound,"-33.87935,150.78513",07:15,0.0,68,68,1464.0
Elizabeth Drive Eastbound,"-33.8807,150.79352",07:15,0.0,62,62,1464.0
Elizabeth Drive Eastbound,"-33.88072,150.80624",07:15,0.0,66,66,1464.0
Elizabeth Drive Eastbound,"-33.88042,150.8097",07:15,0.0,66,66,1464.0
Elizabeth Drive Eastbound,"-33.88073,150.81972",07:15,0.0,71,71,1464.0
Elizabeth Drive Eastbound,"-33.87603,150.82784",07:15,0.0,66,66,1464.0
Elizabeth Drive Eastbound,"-33.87476,150.83832",07:15,0.0,71,71,1464.0
Elizabeth Drive Eastbound,"-33.877,150.84343",07:15,0.0,66,66,1464.0
Elizabeth Drive Eastbound,"-33.86547,150.69865",07:30,0.0,49,49,1464.0
Elizabeth Drive Eastbound,"-33.86461,150.70842",07:30,0.0,74,74,1464.0
Elizabeth Drive Eastbound,"-33.86851,150.71696",07:30,35.38461538461538,42,65,1464.0
Elizabeth Drive Eastbound,"-33.87107,150.73361",07:30,0.0,78,78,1464.0
Elizabeth Drive Eastbound,"-33.87338,150.75003",07:30,0.0,75,75,1464.0
Elizabeth Drive Eastbound,"-33.87418,150.75697",07:30,0.0,73,73,1464.0
Elizabeth Drive Eastbound,"-33.87592,150.76988",07:30,0.0,75,75,1464.0
Elizabeth Drive Eastbound,"-33.87935,150.78513",07:30,0.0,68,68,1464.0
Elizabeth Drive Eastbound,"-33.8807,150.79352",07:30,0.0,62,62,1464.0
Elizabeth Drive Eastbound,"-33.88072,150.80624",07:30,0.0,66,66,1464.0
Elizabeth Drive Eastbound,"-33.88042,150.8097",07:30,15.151515151515149,56,66,1464.0
Elizabeth Drive Eastbound,"-33.88073,150.81972",07:30,0.0,71,71,1464.0
Elizabeth Drive Eastbound,"-33.87603,150.82784",07:30,15.151515151515149,56,66,1464.0
Elizabeth Drive Eastbound,"-33.87476,150.83832",07:30,0.0,71,71,1464.0
Elizabeth Drive Eastbound,"-33.877,150.84343",07:30,15.151515151515149,56,66,1464.0
Elizabeth Drive Eastbound,"-33.86547,150.69865",07:45,0.0,49,49,1464.0
Elizabeth Drive Eastbound,"-33.86461,150.70842",07:45,0.0,74,74,1464.0
Elizabeth Drive Eastbound,"-33.86851,150.71696",07:45,41.53846153846153,38,65,1464.0
Elizabeth Drive Eastbound,"-33.87107,150.73361",07:45,0.0,78,78,1464.0
Elizabeth Drive Eastbound,"-33.87338,150.75003",07:45,0.0,75,75,1464.0
Elizabeth Drive Eastbound,"-33.87418,150.75697",07:45,0.0,73,73,1464.0
Elizabeth Drive Eastbound,"-33.87592,150.76988",07:45,0.0,75,75,1464.0
Elizabeth Drive Eastbound,"-33.87935,150.78513",07:45,0.0,68,68,1464.0
Elizabeth Drive Eastbound,"-33.8807,150.79352",07:45,32.25806451612904,42,62,1464.0
Elizabeth Drive Eastbound,"-33.88072,150.80624",07:45,0.0,66,66,1464.0
Elizabeth Drive Eastbound,"-33.88042,150.8097",07:45,43.28358208955224,38,67,1464.0
Elizabeth Drive Eastbound,"-33.88073,150.81972",07:45,0.0,69,69,1464.0
Elizabeth Drive Eastbound,"-33.87603,150.82784",07:45,43.28358208955224,38,67,1464.0
Elizabeth Drive Eastbound,"-33.87476,150.83832",07:45,0.0,69,69,1464.0
Elizabeth Drive Eastbound,"-33.877,150.84343",07:45,43.28358208955224,38,67,1464.0
Elizabeth Drive Eastbound,"-33.86547,150.69865",08:00,0.0,49,49,1753.0
Elizabeth Drive Eastbound,"-33.86461,150.70842",08:00,0.0,74,74,1753.0
Elizabeth Drive Eastbound,"-33.86851,150.71696",08:00,0.0,65,65,1753.0
Elizabeth Drive Eastbound,"-33.87107,150.73361",08:00,0.0,78,78,1753.0
Elizabeth Drive Eastbound,"-33.87338,150.75003",08:00,0.0,75,75,1753.0
Elizabeth Drive Eastbound,"-33.87418,150.75697",08:00,0.0,73,73,1753.0
Elizabeth Drive Eastbound,"-33.87592,150.76988",08:00,0.0,75,75,1753.0
Elizabeth Drive Eastbound,"-33.87935,150.78513",08:00,0.0,68,68,1753.0
Elizabeth Drive Eastbound,"-33.8807,150.79352",08:00,0.0,62,62,1753.0
Elizabeth Drive Eastbound,"-33.88072,150.80624",08:00,0.0,66,66,1753.0
Elizabeth Drive Eastbound,"-33.88042,150.8097",08:00,38.23529411764706,42,68,1753.0
Elizabeth Drive Eastbound,"-33.88073,150.81972",08:00,0.0,70,70,1753.0
Elizabeth Drive Eastbound,"-33.87603,150.82784",08:00,38.23529411764706,42,68,1753.0
Elizabeth Drive Eastbound,"-33.87476,150.83832",08:00,0.0,70,70,1753.0
Elizabeth Drive Eastbound,"-33.877,150.84343",08:00,38.23529411764706,42,68,1753.0
Elizabeth Drive Eastbound,"-33.86547,150.69865",08:15,0.0,49,49,1753.0
Elizabeth Drive Eastbound,"-33.86461,150.70842",08:15,0.0,74,74,1753.0
Elizabeth Drive Eastbound,"-33.86851,150.71696",08:15,29.230769230769223,46,65,1753.0
Elizabeth Drive Eastbound,"-33.87107,150.73361",08:15,0.0,78,78,1753.0
Elizabeth Drive Eastbound,"-33.87338,150.75003",08:15,0.0,75,75,1753.0
Elizabeth Drive Eastbound,"-33.87418,150.75697",08:15,0.0,73,73,1753.0
Elizabeth Drive Eastbound,"-33.87592,150.76988",08:15,0.0,75,75,1753.0
Elizabeth Drive Eastbound,"-33.87935,150.78513",08:15,0.0,68,68,1753.0
Elizabeth Drive Eastbound,"-33.8807,150.79352",08:15,17.741935483870964,51,62,1753.0
Elizabeth Drive Eastbound,"-33.88072,150.80624",08:15,15.384615384615383,55,65,1753.0
Elizabeth Drive Eastbound,"-33.88042,150.8097",08:15,26.470588235294112,50,68,1753.0
Elizabeth Drive Eastbound,"-33.88073,150.81972",08:15,0.0,70,70,1753.0
Elizabeth Drive Eastbound,"-33.87603,150.82784",08:15,26.470588235294112,50,68,1753.0
Elizabeth Drive Eastbound,"-33.87476,150.83832",08:15,0.0,70,70,1753.0
Elizabeth Drive Eastbound,"-33.877,150.84343",08:15,26.470588235294112,50,68,1753.0
Elizabeth Drive Eastbound,"-33.86547,150.69865",08:30,0.0,49,49,1753.0
Elizabeth Drive Eastbound,"-33.86461,150.70842",08:30,0.0,74,74,1753.0
Elizabeth Drive Eastbound,"-33.86851,150.71696",08:30,0.0,65,65,1753.0
Elizabeth Drive Eastbound,"-33.87107,150.73361",08:30,0.0,78,78,1753.0
Elizabeth Drive Eastbound,"-33.87338,150.75003",08:30,0.0,75,75,1753.0
Elizabeth Drive Eastbound,"-33.87418,150.75697",08:30,0.0,73,73,1753.0
Elizabeth Drive Eastbound,"-33.87592,150.76988",08:30,0.0,75,75,1753.0
Elizabeth Drive Eastbound,"-33.87935,150.78513",08:30,8.955223880597018,61,67,1753.0
Elizabeth Drive Eastbound,"-33.8807,150.79352",08:30,0.0,62,62,1753.0
Elizabeth Drive Eastbound,"-33.88072,150.80624",08:30,0.0,65,65,1753.0
Elizabeth Drive Eastbound,"-33.88042,150.8097",08:30,10.29411764705882,61,68,1753.0
Elizabeth Drive Eastbound,"-33.88073,150.81972",08:30,0.0,70,70,1753.0
Elizabeth Drive Eastbound,"-33.87603,150.82784",08:30,10.29411764705882,61,68,1753.0
Elizabeth Drive Eastbound,"-33.87476,150.83832",08:30,0.0,70,70,1753.0
Elizabeth Drive Eastbound,"-33.877,150.84343",08:30,0.0,68,68,1753.0
Elizabeth Drive Eastbound,"-33.86547,150.69865",08:45,0.0,48,48,1753.0
Elizabeth Drive Eastbound,"-33.86461,150.70842",08:45,0.0,74,74,1753.0
Elizabeth Drive Eastbound,"-33.86851,150.71696",08:45,0.0,65,65,1753.0
Elizabeth Drive Eastbound,"-33.87107,150.73361",08:45,0.0,78,78,1753.0
Elizabeth Drive Eastbound,"-33.87338,150.75003",08:45,0.0,75,75,1753.0
Elizabeth Drive Eastbound,"-33.87418,150.75697",08:45,0.0,73,73,1753.0
Elizabeth Drive Eastbound,"-33.87592,150.76988",08:45,0.0,75,75,1753.0
Elizabeth Drive Eastbound,"-33.87935,150.78513",08:45,0.0,67,67,1753.0
Elizabeth Drive Eastbound,"-33.8807,150.79352",08:45,0.0,61,61,1753.0
Elizabeth Drive Eastbound,"-33.88072,150.80624",08:45,0.0,65,65,1753.0
Elizabeth Drive Eastbound,"-33.88042,150.8097",08:45,0.0,69,69,1753.0
Elizabeth Drive Eastbound,"-33.88073,150.81972",08:45,0.0,70,70,1753.0
Elizabeth Drive Eastbound,"-33.87603,150.82784",08:45,0.0,69,69,1753.0
Elizabeth Drive Eastbound,"-33.87476,150.83832",08:45,0.0,70,70,1753.0
Elizabeth Drive Eastbound,"-33.877,150.84343",08:45,0.0,69,69,1753.0
Elizabeth Drive Eastbound,"-33.86547,150.69865",09:00,0.0,48,48,1179.0
Elizabeth Drive Eastbound,"-33.86461,150.70842",09:00,0.0,74,74,1179.0
Elizabeth Drive Eastbound,"-33.86851,150.71696",09:00,0.0,64,64,1179.0
Elizabeth Drive Eastbound,"-33.87107,150.73361",09:00,0.0,78,78,1179.0
Elizabeth Drive Eastbound,"-33.87338,150.75003",09:00,0.0,75,75,1179.0
Elizabeth Drive Eastbound,"-33.87418,150.75697",09:00,0.0,73,73,1179.0
Elizabeth Drive Eastbound,"-33.87592,150.76988",09:00,0.0,75,75,1179.0
Elizabeth Drive Eastbound,"-33.87935,150.78513",09:00,0.0,67,67,1179.0
Elizabeth Drive Eastbound,"-33.8807,150.79352",09:00,23.809523809523814,48,63,1179.0
Elizabeth Drive Eastbound,"-33.88072,150.80624",09:00,0.0,65,65,1179.0
Elizabeth Drive Eastbound,"-33.88042,150.8097",09:00,0.0,69,69,1179.0
Elizabeth Drive Eastbound,"-33.88073,150.81972",09:00,0.0,70,70,1179.0
Elizabeth Drive Eastbound,"-33.87603,150.82784",09:00,0.0,69,69,1179.0
Elizabeth Drive Eastbound,"-33.87476,150.83832",09:00,0.0,70,70,1179.0
Elizabeth Drive Eastbound,"-33.877,150.84343",09:00,0.0,69,69,1179.0
Elizabeth Drive Eastbound,"-33.86547,150.69865",09:15,62.5,18,48,1179.0
Elizabeth Drive Eastbound,"-33.86461,150.70842",09:15,0.0,74,74,1179.0
Elizabeth Drive Eastbound,"-33.86851,150.71696",09:15,0.0,64,64,1179.0
Elizabeth Drive Eastbound,"-33.87107,150.73361",09:15,0.0,78,78,1179.0
Elizabeth Drive Eastbound,"-33.87338,150.75003",09:15,0.0,75,75,1179.0
Elizabeth Drive Eastbound,"-33.87418,150.75697",09:15,0.0,73,73,1179.0
Elizabeth Drive Eastbound,"-33.87592,150.76988",09:15,0.0,75,75,1179.0
Elizabeth Drive Eastbound,"-33.87935,150.78513",09:15,0.0,67,67,1179.0
Elizabeth Drive Eastbound,"-33.8807,150.79352",09:15,0.0,62,62,1179.0
Elizabeth Drive Eastbound,"-33.88072,150.80624",09:15,0.0,65,65,1179.0
Elizabeth Drive Eastbound,"-33.88042,150.8097",09:15,0.0,67,67,1179.0
Elizabeth Drive Eastbound,"-33.88073,150.81972",09:15,0.0,70,70,1179.0
Elizabeth Drive Eastbound,"-33.87603,150.82784",09:15,0.0,67,67,1179.0
Elizabeth Drive Eastbound,"-33.87476,150.83832",09:15,0.0,70,70,1179.0
Elizabeth Drive Eastbound,"-33.877,150.84343",09:15,0.0,67,67,1179.0
Elizabeth Drive Eastbound,"-33.86547,150.69865",09:30,0.0,48,48,1179.0
Elizabeth Drive Eastbound,"-33.86461,150.70842",09:30,0.0,74,74,1179.0
Elizabeth Drive Eastbound,"-33.86851,150.71696",09:30,0.0,65,65,1179.0
Elizabeth Drive Eastbound,"-33.87107,150.73361",09:30,0.0,78,78,1179.0
Elizabeth Drive Eastbound,"-33.87338,150.75003",09:30,0.0,75,75,1179.0
Elizabeth Drive Eastbound,"-33.87418,150.75697",09:30,0.0,73,73,1179.0
Elizabeth Drive Eastbound,"-33.87592,150.76988",09:30,0.0,75,75,1179.0
Elizabeth Drive Eastbound,"-33.87935,150.78513",09:30,11.764705882352944,60,68,1179.0
Elizabeth Drive Eastbound,"-33.8807,150.79352",09:30,0.0,62,62,1179.0
Elizabeth Drive Eastbound,"-33.88072,150.80624",09:30,0.0,66,66,1179.0
Elizabeth Drive Eastbound,"-33.88042,150.8097",09:30,0.0,67,67,1179.0
Elizabeth Drive Eastbound,"-33.88073,150.81972",09:30,0.0,70,70,1179.0
Elizabeth Drive Eastbound,"-33.87603,150.82784",09:30,0.0,67,67,1179.0
Elizabeth Drive Eastbound,"-33.87476,150.83832",09:30,0.0,70,70,1179.0
Elizabeth Drive Eastbound,"-33.877,150.84343",09:30,0.0,67,67,1179.0
Elizabeth Drive Westbound,"-33.87716,150.84332",07:00,17.24137931034483,48,58,1334.0
Elizabeth Drive Westbound,"-33.87476,150.83832",07:00,0.0,71,71,1334.0
Elizabeth Drive Westbound,"-33.87603,150.82784",07:00,0.0,66,66,1334.0
Elizabeth Drive Westbound,"-33.88073,150.81972",07:00,0.0,71,71,1334.0
Elizabeth Drive Westbound,"-33.88042,150.8097",07:00,0.0,66,66,1334.0
Elizabeth Drive Westbound,"-33.88076,150.80432",07:00,0.0,66,66,1334.0
Elizabeth Drive Westbound,"-33.88049,150.79247",07:00,0.0,66,66,1334.0
Elizabeth Drive Westbound,"-33.87824,150.78295",07:00,0.0,66,66,1334.0
Elizabeth Drive Westbound,"-33.87576,150.76878",07:00,0.0,73,73,1334.0
Elizabeth Drive Westbound,"-33.87385,150.75439",07:00,0.0,73,73,1334.0
Elizabeth Drive Westbound,"-33.87348,150.74997",07:00,0.0,73,73,1334.0
Elizabeth Drive Westbound,"-33.87092,150.73242",07:00,0.0,79,79,1334.0
Elizabeth Drive Westbound,"-33.86831,150.71664",07:00,0.0,71,71,1334.0
Elizabeth Drive Westbound,"-33.86463,150.70826",07:00,0.0,57,57,1334.0
Elizabeth Drive Westbound,"-33.87716,150.84332",07:15,0.0,58,58,1334.0
Elizabeth Drive Westbound,"-33.87476,150.83832",07:15,0.0,71,71,1334.0
Elizabeth Drive Westbound,"-33.87603,150.82784",07:15,0.0,66,66,1334.0
Elizabeth Drive Westbound,"-33.88073,150.81972",07:15,0.0,71,71,1334.0
Elizabeth Drive Westbound,"-33.88042,150.8097",07:15,0.0,66,66,1334.0
Elizabeth Drive Westbound,"-33.88076,150.80432",07:15,0.0,66,66,1334.0
Elizabeth Drive Westbound,"-33.88049,150.79247",07:15,0.0,66,66,1334.0
Elizabeth Drive Westbound,"-33.87824,150.78295",07:15,0.0,66,66,1334.0
Elizabeth Drive Westbound,"-33.87576,150.76878",07:15,0.0,73,73,1334.0
Elizabeth Drive Westbound,"-33.87385,150.75439",07:15,0.0,73,73,1334.0
Elizabeth Drive Westbound,"-33.87348,150.74997",07:15,0.0,73,73,1334.0
Elizabeth Drive Westbound,"-33.87092,150.73242",07:15,0.0,79,79,1334.0
Elizabeth Drive Westbound,"-33.86831,150.71664",07:15,0.0,71,71,1334.0
Elizabeth Drive Westbound,"-33.86463,150.70826",07:15,0.0,58,58,1334.0
Elizabeth Drive Westbound,"-33.87716,150.84332",07:30,15.789473684210533,48,57,1334.0
Elizabeth Drive Westbound,"-33.87476,150.83832",07:30,0.0,71,71,1334.0
Elizabeth Drive Westbound,"-33.87603,150.82784",07:30,18.181818181818176,54,66,1334.0
Elizabeth Drive Westbound,"-33.88073,150.81972",07:30,0.0,71,71,1334.0
Elizabeth Drive Westbound,"-33.88042,150.8097",07:30,18.181818181818176,54,66,1334.0
Elizabeth Drive Westbound,"-33.88076,150.80432",07:30,0.0,66,66,1334.0
Elizabeth Drive Westbound,"-33.88049,150.79247",07:30,21.21212121212121,52,66,1334.0
Elizabeth Drive Westbound,"-33.87824,150.78295",07:30,21.21212121212121,52,66,1334.0
Elizabeth Drive Westbound,"-33.87576,150.76878",07:30,0.0,73,73,1334.0
Elizabeth Drive Westbound,"-33.87385,150.75439",07:30,0.0,73,73,1334.0
Elizabeth Drive Westbound,"-33.87348,150.74997",07:30,0.0,73,73,1334.0
Elizabeth Drive Westbound,"-33.87092,150.73242",07:30,0.0,79,79,1334.0
Elizabeth Drive Westbound,"-33.86831,150.71664",07:30,0.0,71,71,1334.0
Elizabeth Drive Westbound,"-33.86463,150.70826",07:30,0.0,58,58,1334.0
Elizabeth Drive Westbound,"-33.87716,150.84332",07:45,21.052631578947366,45,57,1334.0
Elizabeth Drive Westbound,"-33.87476,150.83832",07:45,13.043478260869568,60,69,1334.0
Elizabeth Drive Westbound,"-33.87603,150.82784",07:45,37.31343283582089,42,67,1334.0
Elizabeth Drive Westbound,"-33.88073,150.81972",07:45,13.043478260869568,60,69,1334.0
Elizabeth Drive Westbound,"-33.88042,150.8097",07:45,37.31343283582089,42,67,1334.0
Elizabeth Drive Westbound,"-33.88076,150.80432",07:45,0.0,66,66,1334.0
Elizabeth Drive Westbound,"-33.88049,150.79247",07:45,0.0,66,66,1334.0
Elizabeth Drive Westbound,"-33.87824,150.78295",07:45,0.0,66,66,1334.0
Elizabeth Drive Westbound,"-33.87576,150.76878",07:45,0.0,73,73,1334.0
Elizabeth Drive Westbound,"-33.87385,150.75439",07:45,0.0,73,73,1334.0
Elizabeth Drive Westbound,"-33.87348,150.74997",07:45,0.0,73,73,1334.0
Elizabeth Drive Westbound,"-33.87092,150.73242",07:45,0.0,79,79,1334.0
Elizabeth Drive Westbound,"-33.86831,150.71664",07:45,0.0,71,71,1334.0
Elizabeth Drive Westbound,"-33.86463,150.70826",07:45,0.0,58,58,1334.0
Elizabeth Drive Westbound,"-33.87716,150.84332",08:00,20.68965517241379,46,58,1535.0
Elizabeth Drive Westbound,"-33.87476,150.83832",08:00,0.0,70,70,1535.0
Elizabeth Drive Westbound,"-33.87603,150.82784",08:00,38.23529411764706,42,68,1535.0
Elizabeth Drive Westbound,"-33.88073,150.81972",08:00,0.0,70,70,1535.0
Elizabeth Drive Westbound,"-33.88042,150.8097",08:00,38.23529411764706,42,68,1535.0
Elizabeth Drive Westbound,"-33.88076,150.80432",08:00,0.0,66,66,1535.0
Elizabeth Drive Westbound,"-33.88049,150.79247",08:00,0.0,65,65,1535.0
Elizabeth Drive Westbound,"-33.87824,150.78295",08:00,0.0,65,65,1535.0
Elizabeth Drive Westbound,"-33.87576,150.76878",08:00,0.0,73,73,1535.0
Elizabeth Drive Westbound,"-33.87385,150.75439",08:00,0.0,73,73,1535.0
Elizabeth Drive Westbound,"-33.87348,150.74997",08:00,0.0,73,73,1535.0
Elizabeth Drive Westbound,"-33.87092,150.73242",08:00,0.0,79,79,1535.0
Elizabeth Drive Westbound,"-33.86831,150.71664",08:00,0.0,71,71,1535.0
Elizabeth Drive Westbound,"-33.86463,150.70826",08:00,0.0,57,57,1535.0
Elizabeth Drive Westbound,"-33.87716,150.84332",08:15,18.96551724137932,47,58,1535.0
Elizabeth Drive Westbound,"-33.87476,150.83832",08:15,0.0,70,70,1535.0
Elizabeth Drive Westbound,"-33.87603,150.82784",08:15,26.470588235294112,50,68,1535.0
Elizabeth Drive Westbound,"-33.88073,150.81972",08:15,0.0,70,70,1535.0
Elizabeth Drive Westbound,"-33.88042,150.8097",08:15,26.470588235294112,50,68,1535.0
Elizabeth Drive Westbound,"-33.88076,150.80432",08:15,15.384615384615383,55,65,1535.0
Elizabeth Drive Westbound,"-33.88049,150.79247",08:15,0.0,65,65,1535.0
Elizabeth Drive Westbound,"-33.87824,150.78295",08:15,0.0,65,65,1535.0
Elizabeth Drive Westbound,"-33.87576,150.76878",08:15,0.0,73,73,1535.0
Elizabeth Drive Westbound,"-33.87385,150.75439",08:15,0.0,73,73,1535.0
Elizabeth Drive Westbound,"-33.87348,150.74997",08:15,0.0,73,73,1535.0
Elizabeth Drive Westbound,"-33.87092,150.73242",08:15,0.0,79,79,1535.0
Elizabeth Drive Westbound,"-33.86831,150.71664",08:15,0.0,70,70,1535.0
Elizabeth Drive Westbound,"-33.86463,150.70826",08:15,0.0,57,57,1535.0
Elizabeth Drive Westbound,"-33.87716,150.84332",08:30,18.96551724137932,47,58,1535.0
Elizabeth Drive Westbound,"-33.87476,150.83832",08:30,0.0,70,70,1535.0
Elizabeth Drive Westbound,"-33.87603,150.82784",08:30,10.29411764705882,61,68,1535.0
Elizabeth Drive Westbound,"-33.88073,150.81972",08:30,0.0,70,70,1535.0
Elizabeth Drive Westbound,"-33.88042,150.8097",08:30,10.29411764705882,61,68,1535.0
Elizabeth Drive Westbound,"-33.88076,150.80432",08:30,0.0,65,65,1535.0
Elizabeth Drive Westbound,"-33.88049,150.79247",08:30,0.0,66,66,1535.0
Elizabeth Drive Westbound,"-33.87824,150.78295",08:30,0.0,66,66,1535.0
Elizabeth Drive Westbound,"-33.87576,150.76878",08:30,0.0,73,73,1535.0
Elizabeth Drive Westbound,"-33.87385,150.75439",08:30,0.0,73,73,1535.0
Elizabeth Drive Westbound,"-33.87348,150.74997",08:30,0.0,73,73,1535.0
Elizabeth Drive Westbound,"-33.87092,150.73242",08:30,0.0,79,79,1535.0
Elizabeth Drive Westbound,"-33.86831,150.71664",08:30,27.142857142857142,51,70,1535.0
Elizabeth Drive Westbound,"-33.86463,150.70826",08:30,0.0,57,57,1535.0
Elizabeth Drive Westbound,"-33.87716,150.84332",08:45,20.68965517241379,46,58,1535.0
Elizabeth Drive Westbound,"-33.87476,150.83832",08:45,0.0,70,70,1535.0
Elizabeth Drive Westbound,"-33.87603,150.82784",08:45,0.0,69,69,1535.0
Elizabeth Drive Westbound,"-33.88073,150.81972",08:45,0.0,70,70,1535.0
Elizabeth Drive Westbound,"-33.88042,150.8097",08:45,0.0,69,69,1535.0
Elizabeth Drive Westbound,"-33.88076,150.80432",08:45,0.0,65,65,1535.0
Elizabeth Drive Westbound,"-33.88049,150.79247",08:45,0.0,66,66,1535.0
Elizabeth Drive Westbound,"-33.87824,150.78295",08:45,0.0,66,66,1535.0
Elizabeth Drive Westbound,"-33.87576,150.76878",08:45,0.0,73,73,1535.0
Elizabeth Drive Westbound,"-33.87385,150.75439",08:45,0.0,73,73,1535.0
Elizabeth Drive Westbound,"-33.87348,150.74997",08:45,0.0,73,73,1535.0
Elizabeth Drive Westbound,"-33.87092,150.73242",08:45,0.0,79,79,1535.0
Elizabeth Drive Westbound,"-33.86831,150.71664",08:45,0.0,70,70,1535.0
Elizabeth Drive Westbound,"-33.86463,150.70826",08:45,0.0,57,57,1535.0
Elizabeth Drive Westbound,"-33.87716,150.84332",09:00,0.0,58,58,1066.0
Elizabeth Drive Westbound,"-33.87476,150.83832",09:00,0.0,70,70,1066.0
Elizabeth Drive Westbound,"-33.87603,150.82784",09:00,0.0,69,69,1066.0
Elizabeth Drive Westbound,"-33.88073,150.81972",09:00,0.0,70,70,1066.0
Elizabeth Drive Westbound,"-33.88042,150.8097",09:00,0.0,69,69,1066.0
Elizabeth Drive Westbound,"-33.88076,150.80432",09:00,0.0,65,65,1066.0
Elizabeth Drive Westbound,"-33.88049,150.79247",09:00,0.0,66,66,1066.0
Elizabeth Drive Westbound,"-33.87824,150.78295",09:00,0.0,66,66,1066.0
Elizabeth Drive Westbound,"-33.87576,150.76878",09:00,0.0,73,73,1066.0
Elizabeth Drive Westbound,"-33.87385,150.75439",09:00,0.0,73,73,1066.0
Elizabeth Drive Westbound,"-33.87348,150.74997",09:00,0.0,73,73,1066.0
Elizabeth Drive Westbound,"-33.87092,150.73242",09:00,0.0,79,79,1066.0
Elizabeth Drive Westbound,"-33.86831,150.71664",09:00,56.33802816901409,31,71,1066.0
Elizabeth Drive Westbound,"-33.86463,150.70826",09:00,27.58620689655172,42,58,1066.0
Elizabeth Drive Westbound,"-33.87716,150.84332",09:15,21.052631578947366,45,57,1066.0
Elizabeth Drive Westbound,"-33.87476,150.83832",09:15,0.0,70,70,1066.0
Elizabeth Drive Westbound,"-33.87603,150.82784",09:15,0.0,67,67,1066.0
Elizabeth Drive Westbound,"-33.88073,150.81972",09:15,0.0,70,70,1066.0
Elizabeth Drive Westbound,"-33.88042,150.8097",09:15,0.0,67,67,1066.0
Elizabeth Drive Westbound,"-33.88076,150.80432",09:15,0.0,65,65,1066.0
Elizabeth Drive Westbound,"-33.88049,150.79247",09:15,0.0,66,66,1066.0
Elizabeth Drive Westbound,"-33.87824,150.78295",09:15,0.0,66,66,1066.0
Elizabeth Drive Westbound,"-33.87576,150.76878",09:15,0.0,73,73,1066.0
Elizabeth Drive Westbound,"-33.87385,150.75439",09:15,0.0,73,73,1066.0
Elizabeth Drive Westbound,"-33.87348,150.74997",09:15,0.0,73,73,1066.0
Elizabeth Drive Westbound,"-33.87092,150.73242",09:15,0.0,79,79,1066.0
Elizabeth Drive Westbound,"-33.86831,150.71664",09:15,40.845070422535215,42,71,1066.0
Elizabeth Drive Westbound,"-33.86463,150.70826",09:15,21.052631578947366,45,57,1066.0
Elizabeth Drive Westbound,"-33.87716,150.84332",09:30,0.0,57,57,1066.0
Elizabeth Drive Westbound,"-33.87476,150.83832",09:30,0.0,70,70,1066.0
Elizabeth Drive Westbound,"-33.87603,150.82784",09:30,0.0,67,67,1066.0
Elizabeth Drive Westbound,"-33.88073,150.81972",09:30,0.0,70,70,1066.0
Elizabeth Drive Westbound,"-33.88042,150.8097",09:30,0.0,67,67,1066.0
Elizabeth Drive Westbound,"-33.88076,150.80432",09:30,0.0,66,66,1066.0
Elizabeth Drive Westbound,"-33.88049,150.79247",09:30,0.0,66,66,1066.0
Elizabeth Drive Westbound,"-33.87824,150.78295",09:30,0.0,66,66,1066.0
Elizabeth Drive Westbound,"-33.87576,150.76878",09:30,0.0,73,73,1066.0
Elizabeth Drive Westbound,"-33.87385,150.75439",09:30,0.0,73,73,1066.0
Elizabeth Drive Westbound,"-33.87348,150.74997",09:30,0.0,73,73,1066.0
Elizabeth Drive Westbound,"-33.87092,150.73242",09:30,0.0,79,79,1066.0
Elizabeth Drive Westbound,"-33.86831,150.71664",09:30,0.0,71,71,1066.0
Elizabeth Drive Westbound,"-33.86463,150.70826",09:30,9.836065573770492,55,61,1066.0
Sunnyholt Road Northbound,"-33.77026,150.91197",07:00,26.470588235294112,25,34,515
Sunnyholt Road Northbound,"-33.76497,150.91281",07:00,37.5,20,32,515
Sunnyholt Road Northbound,"-33.75653,150.91455",07:00,0.0,56,56,515
Sunnyholt Road Northbound,"-33.75087,150.91567",07:00,19.047619047619047,34,42,515
Sunnyholt Road Northbound,"-33.7427,150.91713",07:00,0.0,47,47,515
Sunnyholt Road Northbound,"-33.73711,150.9184",07:00,33.333333333333336,40,60,515
Sunnyholt Road Northbound,"-33.7289,150.92255",07:00,0.0,49,49,515
Sunnyholt Road Northbound,"-33.72465,150.92839",07:00,0.0,65,65,515
Sunnyholt Road Northbound,"-33.72076,150.93618",07:00,53.57142857142857,13,28,515
Sunnyholt Road Northbound,"-33.77026,150.91197",07:15,35.29411764705882,22,34,515
Sunnyholt Road Northbound,"-33.76497,150.91281",07:15,0.0,32,32,515
Sunnyholt Road Northbound,"-33.75653,150.91455",07:15,0.0,56,56,515
Sunnyholt Road Northbound,"-33.75087,150.91567",07:15,20.93023255813954,34,43,515
Sunnyholt Road Northbound,"-33.7427,150.91713",07:15,53.191489361702125,22,47,515
Sunnyholt Road Northbound,"-33.73711,150.9184",07:15,0.0,59,59,515
Sunnyholt Road Northbound,"-33.7289,150.92255",07:15,44.89795918367348,27,49,515
Sunnyholt Road Northbound,"-33.72465,150.92839",07:15,0.0,65,65,515
Sunnyholt Road Northbound,"-33.72076,150.93618",07:15,35.71428571428571,18,28,515
Sunnyholt Road Northbound,"-33.77026,150.91197",07:30,32.35294117647059,23,34,515
Sunnyholt Road Northbound,"-33.76497,150.91281",07:30,0.0,32,32,515
Sunnyholt Road Northbound,"-33.75653,150.91455",07:30,19.64285714285714,45,56,515
Sunnyholt Road Northbound,"-33.75087,150.91567",07:30,23.809523809523814,32,42,515
Sunnyholt Road Northbound,"-33.7427,150.91713",07:30,65.95744680851064,16,47,515
Sunnyholt Road Northbound,"-33.73711,150.9184",07:30,33.333333333333336,40,60,515
Sunnyholt Road Northbound,"-33.7289,150.92255",07:30,43.99999999999999,28,50,515
Sunnyholt Road Northbound,"-33.72465,150.92839",07:30,0.0,66,66,515
Sunnyholt Road Northbound,"-33.72076,150.93618",07:30,65.51724137931035,10,29,515
Sunnyholt Road Northbound,"-33.77026,150.91197",07:45,38.23529411764706,21,34,515
Sunnyholt Road Northbound,"-33.76497,150.91281",07:45,0.0,33,33,515
Sunnyholt Road Northbound,"-33.75653,150.91455",07:45,0.0,56,56,515
Sunnyholt Road Northbound,"-33.75087,150.91567",07:45,16.666666666666664,35,42,515
Sunnyholt Road Northbound,"-33.7427,150.91713",07:45,0.0,47,47,515
Sunnyholt Road Northbound,"-33.73711,150.9184",07:45,0.0,60,60,515
Sunnyholt Road Northbound,"-33.7289,150.92255",07:45,42.85714285714286,28,49,515
Sunnyholt Road Northbound,"-33.72465,150.92839",07:45,22.72727272727273,51,66,515
Sunnyholt Road Northbound,"-33.72076,150.93618",07:45,66.66666666666667,9,27,515
Sunnyholt Road Northbound,"-33.77026,150.91197",08:00,29.411764705882348,24,34,490
Sunnyholt Road Northbound,"-33.76497,150.91281",08:00,48.48484848484848,17,33,490
Sunnyholt Road Northbound,"-33.75653,150.91455",08:00,0.0,56,56,490
Sunnyholt Road Northbound,"-33.75087,150.91567",08:00,40.47619047619048,25,42,490
Sunnyholt Road Northbound,"-33.7427,150.91713",08:00,46.93877551020408,26,49,490
Sunnyholt Road Northbound,"-33.73711,150.9184",08:00,35.59322033898306,38,59,490
Sunnyholt Road Northbound,"-33.7289,150.92255",08:00,22.0,39,50,490
Sunnyholt Road Northbound,"-33.72465,150.92839",08:00,0.0,66,66,490
Sunnyholt Road Northbound,"-33.72076,150.93618",08:00,62.06896551724138,11,29,490
Sunnyholt Road Northbound,"-33.77026,150.91197",08:15,35.29411764705882,22,34,490
Sunnyholt Road Northbound,"-33.76497,150.91281",08:15,50.0,16,32,490
Sunnyholt Road Northbound,"-33.75653,150.91455",08:15,0.0,56,56,490
Sunnyholt Road Northbound,"-33.75087,150.91567",08:15,26.190476190476183,31,42,490
Sunnyholt Road Northbound,"-33.7427,150.91713",08:15,0.0,47,47,490
Sunnyholt Road Northbound,"-33.73711,150.9184",08:15,22.033898305084744,46,59,490
Sunnyholt Road Northbound,"-33.7289,150.92255",08:15,34.0,33,50,490
Sunnyholt Road Northbound,"-33.72465,150.92839",08:15,19.696969696969703,53,66,490
Sunnyholt Road Northbound,"-33.72076,150.93618",08:15,57.692307692307686,11,26,490
Sunnyholt Road Northbound,"-33.77026,150.91197",08:30,32.35294117647059,23,34,490
Sunnyholt Road Northbound,"-33.76497,150.91281",08:30,57.57575757575757,14,33,490
Sunnyholt Road Northbound,"-33.75653,150.91455",08:30,21.42857142857143,44,56,490
Sunnyholt Road Northbound,"-33.75087,150.91567",08:30,0.0,42,42,490
Sunnyholt Road Northbound,"-33.7427,150.91713",08:30,19.14893617021277,38,47,490
Sunnyholt Road Northbound,"-33.73711,150.9184",08:30,30.508474576271183,41,59,490
Sunnyholt Road Northbound,"-33.7289,150.92255",08:30,60.0,20,50,490
Sunnyholt Road Northbound,"-33.72465,150.92839",08:30,0.0,66,66,490
Sunnyholt Road Northbound,"-33.72076,150.93618",08:30,70.37037037037037,8,27,490
Sunnyholt Road Northbound,"-33.77026,150.91197",08:45,45.71428571428572,19,35,490
Sunnyholt Road Northbound,"-33.76497,150.91281",08:45,46.875,17,32,490
Sunnyholt Road Northbound,"-33.75653,150.91455",08:45,33.92857142857143,37,56,490
Sunnyholt Road Northbound,"-33.75087,150.91567",08:45,20.93023255813954,34,43,490
Sunnyholt Road Northbound,"-33.7427,150.91713",08:45,0.0,49,49,490
Sunnyholt Road Northbound,"-33.73711,150.9184",08:45,0.0,59,59,490
Sunnyholt Road Northbound,"-33.7289,150.92255",08:45,56.00000000000001,22,50,490
Sunnyholt Road Northbound,"-33.72465,150.92839",08:45,0.0,67,67,490
Sunnyholt Road Northbound,"-33.72076,150.93618",08:45,62.96296296296296,10,27,490
Sunnyholt Road Northbound,"-33.77026,150.91197",09:00,38.23529411764706,21,34,519
Sunnyholt Road Northbound,"-33.76497,150.91281",09:00,40.625,19,32,519
Sunnyholt Road Northbound,"-33.75653,150.91455",09:00,21.818181818181813,43,55,519
Sunnyholt Road Northbound,"-33.75087,150.91567",09:00,0.0,42,42,519
Sunnyholt Road Northbound,"-33.7427,150.91713",09:00,0.0,49,49,519
Sunnyholt Road Northbound,"-33.73711,150.9184",09:00,40.67796610169492,35,59,519
Sunnyholt Road Northbound,"-33.7289,150.92255",09:00,40.81632653061224,29,49,519
Sunnyholt Road Northbound,"-33.72465,150.92839",09:00,0.0,66,66,519
Sunnyholt Road Northbound,"-33.72076,150.93618",09:00,70.37037037037037,8,27,519
Sunnyholt Road Northbound,"-33.77026,150.91197",09:15,65.71428571428571,12,35,519
Sunnyholt Road Northbound,"-33.76497,150.91281",09:15,43.75,18,32,519
Sunnyholt Road Northbound,"-33.75653,150.91455",09:15,23.636363636363637,42,55,519
Sunnyholt Road Northbound,"-33.75087,150.91567",09:15,0.0,43,43,519
Sunnyholt Road Northbound,"-33.7427,150.91713",09:15,61.70212765957447,18,47,519
Sunnyholt Road Northbound,"-33.73711,150.9184",09:15,0.0,60,60,519
Sunnyholt Road Northbound,"-33.7289,150.92255",09:15,40.81632653061224,29,49,519
Sunnyholt Road Northbound,"-33.72465,150.92839",09:15,18.461538461538463,53,65,519
Sunnyholt Road Northbound,"-33.72076,150.93618",09:15,50.0,14,28,519
Sunnyholt Road Northbound,"-33.77026,150.91197",09:30,50.0,17,34,519
Sunnyholt Road Northbound,"-33.76497,150.91281",09:30,51.51515151515152,16,33,519
Sunnyholt Road Northbound,"-33.75653,150.91455",09:30,0.0,55,55,519
Sunnyholt Road Northbound,"-33.75087,150.91567",09:30,11.363636363636363,39,44,519
Sunnyholt Road Northbound,"-33.7427,150.91713",09:30,32.6530612244898,33,49,519
Sunnyholt Road Northbound,"-33.73711,150.9184",09:30,0.0,59,59,519
Sunnyholt Road Northbound,"-33.7289,150.92255",09:30,0.0,50,50,519
Sunnyholt Road Northbound,"-33.72465,150.92839",09:30,18.181818181818176,54,66,519
Sunnyholt Road Northbound,"-33.72076,150.93618",09:30,51.72413793103448,14,29,519
Sunnyholt Road Northbound,"-33.77026,150.91197",09:45,50.0,17,34,519
Sunnyholt Road Northbound,"-33.76497,150.91281",09:45,45.45454545454546,18,33,519
Sunnyholt Road Northbound,"-33.75653,150.91455",09:45,0.0,55,55,519
Sunnyholt Road Northbound,"-33.75087,150.91567",09:45,11.627906976744184,38,43,519
Sunnyholt Road Northbound,"-33.7427,150.91713",09:45,42.553191489361694,27,47,519
Sunnyholt Road Northbound,"-33.73711,150.9184",09:45,25.0,45,60,519
Sunnyholt Road Northbound,"-33.7289,150.92255",09:45,0.0,50,50,519
Sunnyholt Road Northbound,"-33.72465,150.92839",09:45,24.24242424242424,50,66,519
Sunnyholt Road Northbound,"-33.72076,150.93618",09:45,41.3793103448276,17,29,519
Sunnyholt Road Southbound,"-33.72173,150.93187",07:00,0.0,63,63,1159
Sunnyholt Road Southbound,"-33.72803,150.924",07:00,0.0,57,57,1159
Sunnyholt Road Southbound,"-33.73481,150.91967",07:00,0.0,45,45,1159
Sunnyholt Road Southbound,"-33.74013,150.9176",07:00,0.0,43,43,1159
Sunnyholt Road Southbound,"-33.74782,150.91641",07:00,0.0,55,55,1159
Sunnyholt Road Southbound,"-33.75459,150.91503",07:00,0.0,55,55,1159
Sunnyholt Road Southbound,"-33.76263,150.91352",07:00,0.0,44,44,1159
Sunnyholt Road Southbound,"-33.76971,150.9122",07:00,0.0,44,44,1159
Sunnyholt Road Southbound,"-33.72173,150.93187",07:15,0.0,63,63,1159
Sunnyholt Road Southbound,"-33.72803,150.924",07:15,0.0,57,57,1159
Sunnyholt Road Southbound,"-33.73481,150.91967",07:15,0.0,45,45,1159
Sunnyholt Road Southbound,"-33.74013,150.9176",07:15,0.0,43,43,1159
Sunnyholt Road Southbound,"-33.74782,150.91641",07:15,0.0,55,55,1159
Sunnyholt Road Southbound,"-33.75459,150.91503",07:15,17.85714285714286,46,56,1159
Sunnyholt Road Southbound,"-33.76263,150.91352",07:15,11.627906976744184,38,43,1159
Sunnyholt Road Southbound,"-33.76971,150.9122",07:15,11.627906976744184,38,43,1159
Sunnyholt Road Southbound,"-33.72173,150.93187",07:30,0.0,63,63,1159
Sunnyholt Road Southbound,"-33.72803,150.924",07:30,0.0,57,57,1159
Sunnyholt Road Southbound,"-33.73481,150.91967",07:30,20.45454545454546,35,44,1159
Sunnyholt Road Southbound,"-33.74013,150.9176",07:30,39.53488372093024,26,43,1159
Sunnyholt Road Southbound,"-33.74782,150.91641",07:30,0.0,55,55,1159
Sunnyholt Road Southbound,"-33.75459,150.91503",07:30,0.0,55,55,1159
Sunnyholt Road Southbound,"-33.76263,150.91352",07:30,27.27272727272727,32,44,1159
Sunnyholt Road Southbound,"-33.76971,150.9122",07:30,27.27272727272727,32,44,1159
Sunnyholt Road Southbound,"-33.72173,150.93187",07:45,22.580645161290324,48,62,1159
Sunnyholt Road Southbound,"-33.72803,150.924",07:45,0.0,56,56,1159
Sunnyholt Road Southbound,"-33.73481,150.91967",07:45,30.434782608695656,32,46,1159
Sunnyholt Road Southbound,"-33.74013,150.9176",07:45,50.0,22,44,1159
Sunnyholt Road Southbound,"-33.74782,150.91641",07:45,0.0,56,56,1159
Sunnyholt Road Southbound,"-33.75459,150.91503",07:45,17.85714285714286,46,56,1159
Sunnyholt Road Southbound,"-33.76263,150.91352",07:45,34.09090909090909,29,44,1159
Sunnyholt Road Southbound,"-33.76971,150.9122",07:45,34.09090909090909,29,44,1159
Sunnyholt Road Southbound,"-33.72173,150.93187",08:00,0.0,63,63,1315
Sunnyholt Road Southbound,"-33.72803,150.924",08:00,0.0,56,56,1315
Sunnyholt Road Southbound,"-33.73481,150.91967",08:00,48.88888888888889,23,45,1315
Sunnyholt Road Southbound,"-33.74013,150.9176",08:00,60.0,18,45,1315
Sunnyholt Road Southbound,"-33.74782,150.91641",08:00,30.35714285714286,39,56,1315
Sunnyholt Road Southbound,"-33.75459,150.91503",08:00,0.0,56,56,1315
Sunnyholt Road Southbound,"-33.76263,150.91352",08:00,37.2093023255814,27,43,1315
Sunnyholt Road Southbound,"-33.76971,150.9122",08:00,37.2093023255814,27,43,1315
Sunnyholt Road Southbound,"-33.72173,150.93187",08:15,53.968253968253975,29,63,1315
Sunnyholt Road Southbound,"-33.72803,150.924",08:15,35.71428571428571,36,56,1315
Sunnyholt Road Southbound,"-33.73481,150.91967",08:15,0.0,44,44,1315
Sunnyholt Road Southbound,"-33.74013,150.9176",08:15,41.860465116279066,25,43,1315
Sunnyholt Road Southbound,"-33.74782,150.91641",08:15,24.07407407407407,41,54,1315
Sunnyholt Road Southbound,"-33.75459,150.91503",08:15,21.818181818181813,43,55,1315
Sunnyholt Road Southbound,"-33.76263,150.91352",08:15,46.51162790697675,23,43,1315
Sunnyholt Road Southbound,"-33.76971,150.9122",08:15,46.51162790697675,23,43,1315
Sunnyholt Road Southbound,"-33.72173,150.93187",08:30,23.809523809523814,48,63,1315
Sunnyholt Road Southbound,"-33.72803,150.924",08:30,0.0,56,56,1315
Sunnyholt Road Southbound,"-33.73481,150.91967",08:30,34.09090909090909,29,44,1315
Sunnyholt Road Southbound,"-33.74013,150.9176",08:30,31.818181818181824,30,44,1315
Sunnyholt Road Southbound,"-33.74782,150.91641",08:30,0.0,56,56,1315
Sunnyholt Road Southbound,"-33.75459,150.91503",08:30,21.818181818181813,43,55,1315
Sunnyholt Road Southbound,"-33.76263,150.91352",08:30,50.0,22,44,1315
Sunnyholt Road Southbound,"-33.76971,150.9122",08:30,50.0,22,44,1315
Sunnyholt Road Southbound,"-33.72173,150.93187",08:45,38.095238095238095,39,63,1315
Sunnyholt Road Southbound,"-33.72803,150.924",08:45,17.543859649122805,47,57,1315
Sunnyholt Road Southbound,"-33.73481,150.91967",08:45,53.333333333333336,21,45,1315
Sunnyholt Road Southbound,"-33.74013,150.9176",08:45,32.55813953488372,29,43,1315
Sunnyholt Road Southbound,"-33.74782,150.91641",08:45,0.0,56,56,1315
Sunnyholt Road Southbound,"-33.75459,150.91503",08:45,44.64285714285714,31,56,1315
Sunnyholt Road Southbound,"-33.76263,150.91352",08:45,52.27272727272727,21,44,1315
Sunnyholt Road Southbound,"-33.76971,150.9122",08:45,52.27272727272727,21,44,1315
Sunnyholt Road Southbound,"-33.72173,150.93187",09:00,0.0,63,63,1204
Sunnyholt Road Southbound,"-33.72803,150.924",09:00,8.771929824561408,52,57,1204
Sunnyholt Road Southbound,"-33.73481,150.91967",09:00,26.66666666666667,33,45,1204
Sunnyholt Road Southbound,"-33.74013,150.9176",09:00,40.90909090909091,26,44,1204
Sunnyholt Road Southbound,"-33.74782,150.91641",09:00,0.0,56,56,1204
Sunnyholt Road Southbound,"-33.75459,150.91503",09:00,21.818181818181813,43,55,1204
Sunnyholt Road Southbound,"-33.76263,150.91352",09:00,44.18604651162791,24,43,1204
Sunnyholt Road Southbound,"-33.76971,150.9122",09:00,44.18604651162791,24,43,1204
Sunnyholt Road Southbound,"-33.72173,150.93187",09:15,33.87096774193549,41,62,1204
Sunnyholt Road Southbound,"-33.72803,150.924",09:15,0.0,56,56,1204
Sunnyholt Road Southbound,"-33.73481,150.91967",09:15,36.36363636363637,28,44,1204
Sunnyholt Road Southbound,"-33.74013,150.9176",09:15,0.0,44,44,1204
Sunnyholt Road Southbound,"-33.74782,150.91641",09:15,0.0,56,56,1204
Sunnyholt Road Southbound,"-33.75459,150.91503",09:15,19.64285714285714,45,56,1204
Sunnyholt Road Southbound,"-33.76263,150.91352",09:15,53.48837209302326,20,43,1204
Sunnyholt Road Southbound,"-33.76971,150.9122",09:15,53.48837209302326,20,43,1204
Sunnyholt Road Southbound,"-33.72173,150.93187",09:30,0.0,62,62,1204
Sunnyholt Road Southbound,"-33.72803,150.924",09:30,8.771929824561408,52,57,1204
Sunnyholt Road Southbound,"-33.73481,150.91967",09:30,27.27272727272727,32,44,1204
Sunnyholt Road Southbound,"-33.74013,150.9176",09:30,0.0,43,43,1204
Sunnyholt Road Southbound,"-33.74782,150.91641",09:30,0.0,55,55,1204
Sunnyholt Road Southbound,"-33.75459,150.91503",09:30,23.214285714285708,43,56,1204
Sunnyholt Road Southbound,"-33.76263,150.91352",09:30,37.2093023255814,27,43,1204
Sunnyholt Road Southbound,"-33.76971,150.9122",09:30,37.2093023255814,27,43,1204
Sunnyholt Road Southbound,"-33.72173,150.93187",09:45,28.57142857142857,45,63,1204
Sunnyholt Road Southbound,"-33.72803,150.924",09:45,0.0,56,56,1204
Sunnyholt Road Southbound,"-33.73481,150.91967",09:45,0.0,44,44,1204
Sunnyholt Road Southbound,"-33.74013,150.9176",09:45,0.0,43,43,1204
Sunnyholt Road Southbound,"-33.74782,150.91641",09:45,0.0,55,55,1204
Sunnyholt Road Southbound,"-33.75459,150.91503",09:45,0.0,55,55,1204
Sunnyholt Road Southbound,"-33.76263,150.91352",09:45,32.55813953488372,29,43,1204
Sunnyholt Road Southbound,"-33.76971,150.9122",09:45,32.55813953488372,29,43,1204
Camden Valley Way Northbound,"-34.05205,150.71013",07:00,0.0,58,58,983
Camden Valley Way Northbound,"-34.04739,150.71745",07:00,0.0,55,55,983
Camden Valley Way Northbound,"-34.04308,150.72659",07:00,0.0,55,55,983
Camden Valley Way Northbound,"-34.042,150.73097",07:00,0.0,58,58,983
Camden Valley Way Northbound,"-34.04004,150.73701",07:00,28.57142857142857,20,28,983
Camden Valley Way Northbound,"-34.04037,150.74456",07:00,0.0,60,60,983
Camden Valley Way Northbound,"-34.04313,150.75462",07:00,40.625,38,64,983
Camden Valley Way Northbound,"-34.04808,150.76201",07:00,0.0,69,69,983
Camden Valley Way Northbound,"-34.05371,150.77342",07:00,0.0,69,69,983
Camden Valley Way Northbound,"-34.05958,150.78113",07:00,0.0,69,69,983
Camden Valley Way Northbound,"-34.05802,150.79228",07:00,0.0,108,108,983
Camden Valley Way Northbound,"-34.05227,150.80992",07:00,0.0,108,108,983
Camden Valley Way Northbound,"-34.03904,150.82268",07:00,0.0,108,108,983
Camden Valley Way Northbound,"-34.01802,150.82484",07:00,0.0,105,105,983
Camden Valley Way Northbound,"-34.00503,150.83444",07:00,0.0,105,105,983
Camden Valley Way Northbound,"-33.99057,150.85192",07:00,0.0,105,105,983
Camden Valley Way Northbound,"-33.98106,150.86496",07:00,0.0,105,105,983
Camden Valley Way Northbound,"-33.96972,150.87398",07:00,0.0,105,105,983
Camden Valley Way Northbound,"-33.95767,150.87545",07:00,0.0,55,55,983
Camden Valley Way Northbound,"-33.95732,150.88236",07:00,12.5,42,48,983
Camden Valley Way Northbound,"-34.05205,150.71013",07:15,0.0,58,58,983
Camden Valley Way Northbound,"-34.04739,150.71745",07:15,0.0,55,55,983
Camden Valley Way Northbound,"-34.04308,150.72659",07:15,0.0,55,55,983
Camden Valley Way Northbound,"-34.042,150.73097",07:15,0.0,58,58,983
Camden Valley Way Northbound,"-34.04004,150.73701",07:15,0.0,29,29,983
Camden Valley Way Northbound,"-34.04037,150.74456",07:15,23.33333333333333,46,60,983
Camden Valley Way Northbound,"-34.04313,150.75462",07:15,17.1875,53,64,983
Camden Valley Way Northbound,"-34.04808,150.76201",07:15,0.0,68,68,983
Camden Valley Way Northbound,"-34.05371,150.77342",07:15,58.57142857142856,29,70,983
Camden Valley Way Northbound,"-34.05958,150.78113",07:15,28.57142857142857,50,70,983
Camden Valley Way Northbound,"-34.05802,150.79228",07:15,0.0,108,108,983
Camden Valley Way Northbound,"-34.05227,150.80992",07:15,0.0,108,108,983
Camden Valley Way Northbound,"-34.03904,150.82268",07:15,0.0,108,108,983
Camden Valley Way Northbound,"-34.01802,150.82484",07:15,15.23809523809524,89,105,983
Camden Valley Way Northbound,"-34.00503,150.83444",07:15,15.23809523809524,89,105,983
Camden Valley Way Northbound,"-33.99057,150.85192",07:15,15.23809523809524,89,105,983
Camden Valley Way Northbound,"-33.98106,150.86496",07:15,15.23809523809524,89,105,983
Camden Valley Way Northbound,"-33.96972,150.87398",07:15,15.23809523809524,89,105,983
Camden Valley Way Northbound,"-33.95767,150.87545",07:15,9.80392156862745,46,51,983
Camden Valley Way Northbound,"-33.95732,150.88236",07:15,0.0,44,44,983
Camden Valley Way Northbound,"-34.05205,150.71013",07:30,0.0,58,58,983
Camden Valley Way Northbound,"-34.04739,150.71745",07:30,0.0,55,55,983
Camden Valley Way Northbound,"-34.04308,150.72659",07:30,0.0,55,55,983
Camden Valley Way Northbound,"-34.042,150.73097",07:30,0.0,58,58,983
Camden Valley Way Northbound,"-34.04004,150.73701",07:30,41.3793103448276,17,29,983
Camden Valley Way Northbound,"-34.04037,150.74456",07:30,0.0,61,61,983
Camden Valley Way Northbound,"-34.04313,150.75462",07:30,18.461538461538463,53,65,983
Camden Valley Way Northbound,"-34.04808,150.76201",07:30,52.11267605633802,34,71,983
Camden Valley Way Northbound,"-34.05371,150.77342",07:30,70.4225352112676,21,71,983
Camden Valley Way Northbound,"-34.05958,150.78113",07:30,42.028985507246375,40,69,983
Camden Valley Way Northbound,"-34.05802,150.79228",07:30,0.0,108,108,983
Camden Valley Way Northbound,"-34.05227,150.80992",07:30,0.0,108,108,983
Camden Valley Way Northbound,"-34.03904,150.82268",07:30,0.0,108,108,983
Camden Valley Way Northbound,"-34.01802,150.82484",07:30,27.61904761904762,76,105,983
Camden Valley Way Northbound,"-34.00503,150.83444",07:30,27.61904761904762,76,105,983
Camden Valley Way Northbound,"-33.99057,150.85192",07:30,27.61904761904762,76,105,983
Camden Valley Way Northbound,"-33.98106,150.86496",07:30,27.61904761904762,76,105,983
Camden Valley Way Northbound,"-33.96972,150.87398",07:30,27.61904761904762,76,105,983
Camden Valley Way Northbound,"-33.95767,150.87545",07:30,9.433962264150942,48,53,983
Camden Valley Way Northbound,"-33.95732,150.88236",07:30,0.0,44,44,983
Camden Valley Way Northbound,"-34.05205,150.71013",07:45,0.0,58,58,983
Camden Valley Way Northbound,"-34.04739,150.71745",07:45,20.0,44,55,983
Camden Valley Way Northbound,"-34.04308,150.72659",07:45,20.0,44,55,983
Camden Valley Way Northbound,"-34.042,150.73097",07:45,0.0,58,58,983
Camden Valley Way Northbound,"-34.04004,150.73701",07:45,31.034482758620683,20,29,983
Camden Valley Way Northbound,"-34.04037,150.74456",07:45,0.0,60,60,983
Camden Valley Way Northbound,"-34.04313,150.75462",07:45,15.625,54,64,983
Camden Valley Way Northbound,"-34.04808,150.76201",07:45,54.41176470588236,31,68,983
Camden Valley Way Northbound,"-34.05371,150.77342",07:45,56.52173913043479,30,69,983
Camden Valley Way Northbound,"-34.05958,150.78113",07:45,32.35294117647059,46,68,983
Camden Valley Way Northbound,"-34.05802,150.79228",07:45,0.0,108,108,983
Camden Valley Way Northbound,"-34.05227,150.80992",07:45,0.0,108,108,983
Camden Valley Way Northbound,"-34.03904,150.82268",07:45,0.0,108,108,983
Camden Valley Way Northbound,"-34.01802,150.82484",07:45,29.52380952380952,74,105,983
Camden Valley Way Northbound,"-34.00503,150.83444",07:45,29.52380952380952,74,105,983
Camden Valley Way Northbound,"-33.99057,150.85192",07:45,29.52380952380952,74,105,983
Camden Valley Way Northbound,"-33.98106,150.86496",07:45,29.52380952380952,74,105,983
Camden Valley Way Northbound,"-33.96972,150.87398",07:45,29.52380952380952,74,105,983
Camden Valley Way Northbound,"-33.95767,150.87545",07:45,0.0,52,52,983
Camden Valley Way Northbound,"-33.95732,150.88236",07:45,42.553191489361694,27,47,983
Camden Valley Way Northbound,"-34.05205,150.71013",08:00,0.0,58,58,1070
Camden Valley Way Northbound,"-34.04739,150.71745",08:00,32.72727272727273,37,55,1070
Camden Valley Way Northbound,"-34.04308,150.72659",08:00,32.72727272727273,37,55,1070
Camden Valley Way Northbound,"-34.042,150.73097",08:00,0.0,58,58,1070
Camden Valley Way Northbound,"-34.04004,150.73701",08:00,34.48275862068966,19,29,1070
Camden Valley Way Northbound,"-34.04037,150.74456",08:00,0.0,61,61,1070
Camden Valley Way Northbound,"-34.04313,150.75462",08:00,23.4375,49,64,1070
Camden Valley Way Northbound,"-34.04808,150.76201",08:00,37.142857142857146,44,70,1070
Camden Valley Way Northbound,"-34.05371,150.77342",08:00,50.0,35,70,1070
Camden Valley Way Northbound,"-34.05958,150.78113",08:00,20.28985507246377,55,69,1070
Camden Valley Way Northbound,"-34.05802,150.79228",08:00,0.0,108,108,1070
Camden Valley Way Northbound,"-34.05227,150.80992",08:00,0.0,108,108,1070
Camden Valley Way Northbound,"-34.03904,150.82268",08:00,0.0,108,108,1070
Camden Valley Way Northbound,"-34.01802,150.82484",08:00,17.14285714285714,87,105,1070
Camden Valley Way Northbound,"-34.00503,150.83444",08:00,17.14285714285714,87,105,1070
Camden Valley Way Northbound,"-33.99057,150.85192",08:00,17.14285714285714,87,105,1070
Camden Valley Way Northbound,"-33.98106,150.86496",08:00,17.14285714285714,87,105,1070
Camden Valley Way Northbound,"-33.96972,150.87398",08:00,18.0952380952381,86,105,1070
Camden Valley Way Northbound,"-33.95767,150.87545",08:00,0.0,53,53,1070
Camden Valley Way Northbound,"-33.95732,150.88236",08:00,36.17021276595744,30,47,1070
Camden Valley Way Northbound,"-34.05205,150.71013",08:15,10.526315789473683,51,57,1070
Camden Valley Way Northbound,"-34.04739,150.71745",08:15,36.36363636363637,35,55,1070
Camden Valley Way Northbound,"-34.04308,150.72659",08:15,36.36363636363637,35,55,1070
Camden Valley Way Northbound,"-34.042,150.73097",08:15,10.526315789473683,51,57,1070
Camden Valley Way Northbound,"-34.04004,150.73701",08:15,39.28571428571429,17,28,1070
Camden Valley Way Northbound,"-34.04037,150.74456",08:15,0.0,60,60,1070
Camden Valley Way Northbound,"-34.04313,150.75462",08:15,37.87878787878788,41,66,1070
Camden Valley Way Northbound,"-34.04808,150.76201",08:15,23.188405797101453,53,69,1070
Camden Valley Way Northbound,"-34.05371,150.77342",08:15,34.78260869565217,45,69,1070
Camden Valley Way Northbound,"-34.05958,150.78113",08:15,0.0,70,70,1070
Camden Valley Way Northbound,"-34.05802,150.79228",08:15,0.0,108,108,1070
Camden Valley Way Northbound,"-34.05227,150.80992",08:15,0.0,108,108,1070
Camden Valley Way Northbound,"-34.03904,150.82268",08:15,0.0,108,108,1070
Camden Valley Way Northbound,"-34.01802,150.82484",08:15,27.61904761904762,76,105,1070
Camden Valley Way Northbound,"-34.00503,150.83444",08:15,27.61904761904762,76,105,1070
Camden Valley Way Northbound,"-33.99057,150.85192",08:15,27.61904761904762,76,105,1070
Camden Valley Way Northbound,"-33.98106,150.86496",08:15,27.61904761904762,76,105,1070
Camden Valley Way Northbound,"-33.96972,150.87398",08:15,27.61904761904762,76,105,1070
Camden Valley Way Northbound,"-33.95767,150.87545",08:15,7.272727272727275,51,55,1070
Camden Valley Way Northbound,"-33.95732,150.88236",08:15,50.0,22,44,1070
Camden Valley Way Northbound,"-34.05205,150.71013",08:30,13.793103448275868,50,58,1070
Camden Valley Way Northbound,"-34.04739,150.71745",08:30,10.71428571428571,50,56,1070
Camden Valley Way Northbound,"-34.04308,150.72659",08:30,10.71428571428571,50,56,1070
Camden Valley Way Northbound,"-34.042,150.73097",08:30,13.793103448275868,50,58,1070
Camden Valley Way Northbound,"-34.04004,150.73701",08:30,41.3793103448276,17,29,1070
Camden Valley Way Northbound,"-34.04037,150.74456",08:30,31.666666666666664,41,60,1070
Camden Valley Way Northbound,"-34.04313,150.75462",08:30,37.87878787878788,41,66,1070
Camden Valley Way Northbound,"-34.04808,150.76201",08:30,32.35294117647059,46,68,1070
Camden Valley Way Northbound,"-34.05371,150.77342",08:30,80.28169014084507,14,71,1070
Camden Valley Way Northbound,"-34.05958,150.78113",08:30,0.0,68,68,1070
Camden Valley Way Northbound,"-34.05802,150.79228",08:30,0.0,108,108,1070
Camden Valley Way Northbound,"-34.05227,150.80992",08:30,0.0,108,108,1070
Camden Valley Way Northbound,"-34.03904,150.82268",08:30,0.0,108,108,1070
Camden Valley Way Northbound,"-34.01802,150.82484",08:30,20.0,84,105,1070
Camden Valley Way Northbound,"-34.00503,150.83444",08:30,20.0,84,105,1070
Camden Valley Way Northbound,"-33.99057,150.85192",08:30,20.0,84,105,1070
Camden Valley Way Northbound,"-33.98106,150.86496",08:30,20.0,84,105,1070
Camden Valley Way Northbound,"-33.96972,150.87398",08:30,20.0,84,105,1070
Camden Valley Way Northbound,"-33.95767,150.87545",08:30,52.63157894736843,18,38,1070
Camden Valley Way Northbound,"-33.95732,150.88236",08:30,27.27272727272727,32,44,1070
Camden Valley Way Northbound,"-34.05205,150.71013",08:45,17.24137931034483,48,58,1070
Camden Valley Way Northbound,"-34.04739,150.71745",08:45,10.909090909090914,49,55,1070
Camden Valley Way Northbound,"-34.04308,150.72659",08:45,10.909090909090914,49,55,1070
Camden Valley Way Northbound,"-34.042,150.73097",08:45,17.24137931034483,48,58,1070
Camden Valley Way Northbound,"-34.04004,150.73701",08:45,37.93103448275862,18,29,1070
Camden Valley Way Northbound,"-34.04037,150.74456",08:45,0.0,60,60,1070
Camden Valley Way Northbound,"-34.04313,150.75462",08:45,17.1875,53,64,1070
Camden Valley Way Northbound,"-34.04808,150.76201",08:45,23.529411764705888,52,68,1070
Camden Valley Way Northbound,"-34.05371,150.77342",08:45,52.85714285714286,33,70,1070
Camden Valley Way Northbound,"-34.05958,150.78113",08:45,0.0,70,70,1070
Camden Valley Way Northbound,"-34.05802,150.79228",08:45,0.0,108,108,1070
Camden Valley Way Northbound,"-34.05227,150.80992",08:45,0.0,108,108,1070
Camden Valley Way Northbound,"-34.03904,150.82268",08:45,0.0,108,108,1070
Camden Valley Way Northbound,"-34.01802,150.82484",08:45,11.428571428571432,93,105,1070
Camden Valley Way Northbound,"-34.00503,150.83444",08:45,11.428571428571432,93,105,1070
Camden Valley Way Northbound,"-33.99057,150.85192",08:45,11.428571428571432,93,105,1070
Camden Valley Way Northbound,"-33.98106,150.86496",08:45,11.428571428571432,93,105,1070
Camden Valley Way Northbound,"-33.96972,150.87398",08:45,11.428571428571432,93,105,1070
Camden Valley Way Northbound,"-33.95767,150.87545",08:45,7.272727272727275,51,55,1070
Camden Valley Way Northbound,"-33.95732,150.88236",08:45,0.0,44,44,1070
Camden Valley Way Northbound,"-34.05205,150.71013",09:00,20.68965517241379,46,58,763
Camden Valley Way Northbound,"-34.04739,150.71745",09:00,0.0,56,56,763
Camden Valley Way Northbound,"-34.04308,150.72659",09:00,0.0,56,56,763
Camden Valley Way Northbound,"-34.042,150.73097",09:00,20.68965517241379,46,58,763
Camden Valley Way Northbound,"-34.04004,150.73701",09:00,46.42857142857143,15,28,763
Camden Valley Way Northbound,"-34.04037,150.74456",09:00,0.0,60,60,763
Camden Valley Way Northbound,"-34.04313,150.75462",09:00,17.1875,53,64,763
Camden Valley Way Northbound,"-34.04808,150.76201",09:00,0.0,68,68,763
Camden Valley Way Northbound,"-34.05371,150.77342",09:00,0.0,69,69,763
Camden Valley Way Northbound,"-34.05958,150.78113",09:00,0.0,69,69,763
Camden Valley Way Northbound,"-34.05802,150.79228",09:00,0.0,108,108,763
Camden Valley Way Northbound,"-34.05227,150.80992",09:00,0.0,108,108,763
Camden Valley Way Northbound,"-34.03904,150.82268",09:00,0.0,108,108,763
Camden Valley Way Northbound,"-34.01802,150.82484",09:00,0.0,106,106,763
Camden Valley Way Northbound,"-34.00503,150.83444",09:00,0.0,106,106,763
Camden Valley Way Northbound,"-33.99057,150.85192",09:00,0.0,106,106,763
Camden Valley Way Northbound,"-33.98106,150.86496",09:00,0.0,106,106,763
Camden Valley Way Northbound,"-33.96972,150.87398",09:00,0.0,106,106,763
Camden Valley Way Northbound,"-33.95767,150.87545",09:00,0.0,55,55,763
Camden Valley Way Northbound,"-33.95732,150.88236",09:00,39.583333333333336,29,48,763
Camden Valley Way Northbound,"-34.05205,150.71013",09:15,24.13793103448276,44,58,763
Camden Valley Way Northbound,"-34.04739,150.71745",09:15,10.909090909090914,49,55,763
Camden Valley Way Northbound,"-34.04308,150.72659",09:15,10.909090909090914,49,55,763
Camden Valley Way Northbound,"-34.042,150.73097",09:15,24.13793103448276,44,58,763
Camden Valley Way Northbound,"-34.04004,150.73701",09:15,48.27586206896552,15,29,763
Camden Valley Way Northbound,"-34.04037,150.74456",09:15,0.0,60,60,763
Camden Valley Way Northbound,"-34.04313,150.75462",09:15,7.8125,59,64,763
Camden Valley Way Northbound,"-34.04808,150.76201",09:15,23.188405797101453,53,69,763
Camden Valley Way Northbound,"-34.05371,150.77342",09:15,57.14285714285714,30,70,763
Camden Valley Way Northbound,"-34.05958,150.78113",09:15,0.0,70,70,763
Camden Valley Way Northbound,"-34.05802,150.79228",09:15,0.0,108,108,763
Camden Valley Way Northbound,"-34.05227,150.80992",09:15,0.0,108,108,763
Camden Valley Way Northbound,"-34.03904,150.82268",09:15,0.0,108,108,763
Camden Valley Way Northbound,"-34.01802,150.82484",09:15,0.0,106,106,763
Camden Valley Way Northbound,"-34.00503,150.83444",09:15,0.0,106,106,763
Camden Valley Way Northbound,"-33.99057,150.85192",09:15,0.0,106,106,763
Camden Valley Way Northbound,"-33.98106,150.86496",09:15,0.0,106,106,763
Camden Valley Way Northbound,"-33.96972,150.87398",09:15,0.0,106,106,763
Camden Valley Way Northbound,"-33.95767,150.87545",09:15,0.0,55,55,763
Camden Valley Way Northbound,"-33.95732,150.88236",09:15,0.0,44,44,763
Camden Valley Way Northbound,"-34.05205,150.71013",09:30,10.526315789473683,51,57,763
Camden Valley Way Northbound,"-34.04739,150.71745",09:30,7.272727272727275,51,55,763
Camden Valley Way Northbound,"-34.04308,150.72659",09:30,7.272727272727275,51,55,763
Camden Valley Way Northbound,"-34.042,150.73097",09:30,10.526315789473683,51,57,763
Camden Valley Way Northbound,"-34.04004,150.73701",09:30,51.72413793103448,14,29,763
Camden Valley Way Northbound,"-34.04037,150.74456",09:30,0.0,61,61,763
Camden Valley Way Northbound,"-34.04313,150.75462",09:30,0.0,61,61,763
Camden Valley Way Northbound,"-34.04808,150.76201",09:30,0.0,69,69,763
Camden Valley Way Northbound,"-34.05371,150.77342",09:30,21.42857142857143,55,70,763
Camden Valley Way Northbound,"-34.05958,150.78113",09:30,22.85714285714285,54,70,763
Camden Valley Way Northbound,"-34.05802,150.79228",09:30,0.0,108,108,763
Camden Valley Way Northbound,"-34.05227,150.80992",09:30,0.0,108,108,763
Camden Valley Way Northbound,"-34.03904,150.82268",09:30,0.0,108,108,763
Camden Valley Way Northbound,"-34.01802,150.82484",09:30,0.0,106,106,763
Camden Valley Way Northbound,"-34.00503,150.83444",09:30,0.0,106,106,763
Camden Valley Way Northbound,"-33.99057,150.85192",09:30,0.0,106,106,763
Camden Valley Way Northbound,"-33.98106,150.86496",09:30,0.0,106,106,763
Camden Valley Way Northbound,"-33.96972,150.87398",09:30,0.0,106,106,763
Camden Valley Way Northbound,"-33.95767,150.87545",09:30,47.36842105263158,20,38,763
Camden Valley Way Northbound,"-33.95732,150.88236",09:30,39.53488372093024,26,43,763
Camden Valley Way Northbound,"-34.05205,150.71013",09:45,15.517241379310342,49,58,763
Camden Valley Way Northbound,"-34.04739,150.71745",09:45,0.0,55,55,763
Camden Valley Way Northbound,"-34.04308,150.72659",09:45,0.0,55,55,763
Camden Valley Way Northbound,"-34.042,150.73097",09:45,15.517241379310342,49,58,763
Camden Valley Way Northbound,"-34.04004,150.73701",09:45,35.71428571428571,18,28,763
Camden Valley Way Northbound,"-34.04037,150.74456",09:45,0.0,60,60,763
Camden Valley Way Northbound,"-34.04313,150.75462",09:45,18.461538461538463,53,65,763
Camden Valley Way Northbound,"-34.04808,150.76201",09:45,0.0,69,69,763
Camden Valley Way Northbound,"-34.05371,150.77342",09:45,23.188405797101453,53,69,763
Camden Valley Way Northbound,"-34.05958,150.78113",09:45,0.0,70,70,763
Camden Valley Way Northbound,"-34.05802,150.79228",09:45,0.0,108,108,763
Camden Valley Way Northbound,"-34.05227,150.80992",09:45,0.0,108,108,763
Camden Valley Way Northbound,"-34.03904,150.82268",09:45,0.0,108,108,763
Camden Valley Way Northbound,"-34.01802,150.82484",09:45,0.0,106,106,763
Camden Valley Way Northbound,"-34.00503,150.83444",09:45,0.0,106,106,763
Camden Valley Way Northbound,"-33.99057,150.85192",09:45,0.0,106,106,763
Camden Valley Way Northbound,"-33.98106,150.86496",09:45,0.0,106,106,763
Camden Valley Way Northbound,"-33.96972,150.87398",09:45,0.0,106,106,763
Camden Valley Way Northbound,"-33.95767,150.87545",09:45,0.0,55,55,763
Camden Valley Way Northbound,"-33.95732,150.88236",09:45,22.72727272727273,34,44,763
Camden Valley Way Southbound,"-33.9578,150.88514",07:00,40.0,24,40,364
Camden Valley Way Southbound,"-33.95938,150.88165",07:00,0.0,50,50,364
Camden Valley Way Southbound,"-33.96264,150.87806",07:00,19.298245614035093,46,57,364
Camden Valley Way Southbound,"-33.96977,150.87448",07:00,0.0,84,84,364
Camden Valley Way Southbound,"-33.98025,150.86694",07:00,0.0,105,105,364
Camden Valley Way Southbound,"-33.98927,150.85335",07:00,0.0,105,105,364
Camden Valley Way Southbound,"-34.00056,150.84294",07:00,0.0,105,105,364
Camden Valley Way Southbound,"-34.01272,150.82789",07:00,0.0,105,105,364
Camden Valley Way Southbound,"-34.0297,150.82413",07:00,0.0,105,105,364
Camden Valley Way Southbound,"-34.04615,150.81933",07:00,0.0,105,105,364
Camden Valley Way Southbound,"-34.05463,150.80402",07:00,0.0,105,105,364
Camden Valley Way Southbound,"-34.05997,150.78905",07:00,1.4285714285714235,69,70,364
Camden Valley Way Southbound,"-34.06385,150.78506",07:00,1.4285714285714235,69,70,364
Camden Valley Way Southbound,"-34.06194,150.78518",07:00,24.561403508771928,43,57,364
Camden Valley Way Southbound,"-34.05627,150.77738",07:00,0.0,74,74,364
Camden Valley Way Southbound,"-34.05294,150.76978",07:00,0.0,65,65,364
Camden Valley Way Southbound,"-34.04699,150.76016",07:00,16.000000000000004,63,75,364
Camden Valley Way Southbound,"-34.04154,150.74838",07:00,16.000000000000004,63,75,364
Camden Valley Way Southbound,"-34.03972,150.73849",07:00,0.0,43,43,364
Camden Valley Way Southbound,"-34.04201,150.73104",07:00,0.0,58,58,364
Camden Valley Way Southbound,"-34.04334,150.72677",07:00,0.0,58,58,364
Camden Valley Way Southbound,"-34.04739,150.71745",07:00,0.0,55,55,364
Camden Valley Way Southbound,"-34.05217,150.70991",07:00,0.0,55,55,364
Camden Valley Way Southbound,"-33.9578,150.88514",07:15,0.0,40,40,364
Camden Valley Way Southbound,"-33.95938,150.88165",07:15,34.0,33,50,364
Camden Valley Way Southbound,"-33.96264,150.87806",07:15,0.0,55,55,364
Camden Valley Way Southbound,"-33.96977,150.87448",07:15,0.0,84,84,364
Camden Valley Way Southbound,"-33.98025,150.86694",07:15,0.0,105,105,364
Camden Valley Way Southbound,"-33.98927,150.85335",07:15,0.0,105,105,364
Camden Valley Way Southbound,"-34.00056,150.84294",07:15,0.0,105,105,364
Camden Valley Way Southbound,"-34.01272,150.82789",07:15,0.0,105,105,364
Camden Valley Way Southbound,"-34.0297,150.82413",07:15,0.0,105,105,364
Camden Valley Way Southbound,"-34.04615,150.81933",07:15,0.0,105,105,364
Camden Valley Way Southbound,"-34.05463,150.80402",07:15,0.0,105,105,364
Camden Valley Way Southbound,"-34.05997,150.78905",07:15,0.0,68,68,364
Camden Valley Way Southbound,"-34.06385,150.78506",07:15,0.0,68,68,364
Camden Valley Way Southbound,"-34.06194,150.78518",07:15,0.0,57,57,364
Camden Valley Way Southbound,"-34.05627,150.77738",07:15,0.0,75,75,364
Camden Valley Way Southbound,"-34.05294,150.76978",07:15,0.0,60,60,364
Camden Valley Way Southbound,"-34.04699,150.76016",07:15,0.0,75,75,364
Camden Valley Way Southbound,"-34.04154,150.74838",07:15,0.0,75,75,364
Camden Valley Way Southbound,"-34.03972,150.73849",07:15,0.0,43,43,364
Camden Valley Way Southbound,"-34.04201,150.73104",07:15,0.0,58,58,364
Camden Valley Way Southbound,"-34.04334,150.72677",07:15,0.0,58,58,364
Camden Valley Way Southbound,"-34.04739,150.71745",07:15,0.0,55,55,364
Camden Valley Way Southbound,"-34.05217,150.70991",07:15,0.0,55,55,364
Camden Valley Way Southbound,"-33.9578,150.88514",07:30,25.0,30,40,364
Camden Valley Way Southbound,"-33.95938,150.88165",07:30,50.0,25,50,364
Camden Valley Way Southbound,"-33.96264,150.87806",07:30,27.27272727272727,40,55,364
Camden Valley Way Southbound,"-33.96977,150.87448",07:30,0.0,84,84,364
Camden Valley Way Southbound,"-33.98025,150.86694",07:30,0.0,105,105,364
Camden Valley Way Southbound,"-33.98927,150.85335",07:30,0.0,105,105,364
Camden Valley Way Southbound,"-34.00056,150.84294",07:30,0.0,105,105,364
Camden Valley Way Southbound,"-34.01272,150.82789",07:30,0.0,105,105,364
Camden Valley Way Southbound,"-34.0297,150.82413",07:30,0.0,105,105,364
Camden Valley Way Southbound,"-34.04615,150.81933",07:30,0.0,105,105,364
Camden Valley Way Southbound,"-34.05463,150.80402",07:30,0.0,105,105,364
Camden Valley Way Southbound,"-34.05997,150.78905",07:30,0.0,67,67,364
Camden Valley Way Southbound,"-34.06385,150.78506",07:30,0.0,67,67,364
Camden Valley Way Southbound,"-34.06194,150.78518",07:30,20.68965517241379,46,58,364
Camden Valley Way Southbound,"-34.05627,150.77738",07:30,0.0,75,75,364
Camden Valley Way Southbound,"-34.05294,150.76978",07:30,6.060606060606055,62,66,364
Camden Valley Way Southbound,"-34.04699,150.76016",07:30,0.0,75,75,364
Camden Valley Way Southbound,"-34.04154,150.74838",07:30,0.0,75,75,364
Camden Valley Way Southbound,"-34.03972,150.73849",07:30,0.0,43,43,364
Camden Valley Way Southbound,"-34.04201,150.73104",07:30,0.0,58,58,364
Camden Valley Way Southbound,"-34.04334,150.72677",07:30,0.0,58,58,364
Camden Valley Way Southbound,"-34.04739,150.71745",07:30,0.0,55,55,364
Camden Valley Way Southbound,"-34.05217,150.70991",07:30,0.0,55,55,364
Camden Valley Way Southbound,"-33.9578,150.88514",07:45,40.0,24,40,364
Camden Valley Way Southbound,"-33.95938,150.88165",07:45,30.612244897959183,34,49,364
Camden Valley Way Southbound,"-33.96264,150.87806",07:45,22.64150943396226,41,53,364
Camden Valley Way Southbound,"-33.96977,150.87448",07:45,0.0,84,84,364
Camden Valley Way Southbound,"-33.98025,150.86694",07:45,0.0,105,105,364
Camden Valley Way Southbound,"-33.98927,150.85335",07:45,0.0,105,105,364
Camden Valley Way Southbound,"-34.00056,150.84294",07:45,0.0,105,105,364
Camden Valley Way Southbound,"-34.01272,150.82789",07:45,0.0,105,105,364
Camden Valley Way Southbound,"-34.0297,150.82413",07:45,0.0,105,105,364
Camden Valley Way Southbound,"-34.04615,150.81933",07:45,0.0,105,105,364
Camden Valley Way Southbound,"-34.05463,150.80402",07:45,0.0,105,105,364
Camden Valley Way Southbound,"-34.05997,150.78905",07:45,0.0,70,70,364
Camden Valley Way Southbound,"-34.06385,150.78506",07:45,0.0,70,70,364
Camden Valley Way Southbound,"-34.06194,150.78518",07:45,0.0,57,57,364
Camden Valley Way Southbound,"-34.05627,150.77738",07:45,28.000000000000004,54,75,364
Camden Valley Way Southbound,"-34.05294,150.76978",07:45,0.0,65,65,364
Camden Valley Way Southbound,"-34.04699,150.76016",07:45,0.0,75,75,364
Camden Valley Way Southbound,"-34.04154,150.74838",07:45,0.0,75,75,364
Camden Valley Way Southbound,"-34.03972,150.73849",07:45,34.88372093023256,28,43,364
Camden Valley Way Southbound,"-34.04201,150.73104",07:45,0.0,58,58,364
Camden Valley Way Southbound,"-34.04334,150.72677",07:45,0.0,58,58,364
Camden Valley Way Southbound,"-34.04739,150.71745",07:45,20.0,44,55,364
Camden Valley Way Southbound,"-34.05217,150.70991",07:45,20.0,44,55,364
Camden Valley Way Southbound,"-33.9578,150.88514",08:00,46.15384615384615,21,39,772
Camden Valley Way Southbound,"-33.95938,150.88165",08:00,20.0,40,50,772
Camden Valley Way Southbound,"-33.96264,150.87806",08:00,26.78571428571429,41,56,772
Camden Valley Way Southbound,"-33.96977,150.87448",08:00,0.0,84,84,772
Camden Valley Way Southbound,"-33.98025,150.86694",08:00,0.0,105,105,772
Camden Valley Way Southbound,"-33.98927,150.85335",08:00,0.0,105,105,772
Camden Valley Way Southbound,"-34.00056,150.84294",08:00,0.0,105,105,772
Camden Valley Way Southbound,"-34.01272,150.82789",08:00,0.0,105,105,772
Camden Valley Way Southbound,"-34.0297,150.82413",08:00,0.0,105,105,772
Camden Valley Way Southbound,"-34.04615,150.81933",08:00,0.0,105,105,772
Camden Valley Way Southbound,"-34.05463,150.80402",08:00,0.0,105,105,772
Camden Valley Way Southbound,"-34.05997,150.78905",08:00,0.0,71,71,772
Camden Valley Way Southbound,"-34.06385,150.78506",08:00,0.0,71,71,772
Camden Valley Way Southbound,"-34.06194,150.78518",08:00,46.55172413793104,31,58,772
Camden Valley Way Southbound,"-34.05627,150.77738",08:00,0.0,73,73,772
Camden Valley Way Southbound,"-34.05294,150.76978",08:00,28.33333333333333,43,60,772
Camden Valley Way Southbound,"-34.04699,150.76016",08:00,0.0,75,75,772
Camden Valley Way Southbound,"-34.04154,150.74838",08:00,0.0,75,75,772
Camden Valley Way Southbound,"-34.03972,150.73849",08:00,23.25581395348837,33,43,772
Camden Valley Way Southbound,"-34.04201,150.73104",08:00,0.0,58,58,772
Camden Valley Way Southbound,"-34.04334,150.72677",08:00,0.0,58,58,772
Camden Valley Way Southbound,"-34.04739,150.71745",08:00,40.0,33,55,772
Camden Valley Way Southbound,"-34.05217,150.70991",08:00,40.0,33,55,772
Camden Valley Way Southbound,"-33.9578,150.88514",08:15,33.333333333333336,26,39,772
Camden Valley Way Southbound,"-33.95938,150.88165",08:15,40.81632653061224,29,49,772
Camden Valley Way Southbound,"-33.96264,150.87806",08:15,25.454545454545453,41,55,772
Camden Valley Way Southbound,"-33.96977,150.87448",08:15,0.0,84,84,772
Camden Valley Way Southbound,"-33.98025,150.86694",08:15,0.0,105,105,772
Camden Valley Way Southbound,"-33.98927,150.85335",08:15,0.0,105,105,772
Camden Valley Way Southbound,"-34.00056,150.84294",08:15,0.0,105,105,772
Camden Valley Way Southbound,"-34.01272,150.82789",08:15,0.0,105,105,772
Camden Valley Way Southbound,"-34.0297,150.82413",08:15,0.0,105,105,772
Camden Valley Way Southbound,"-34.04615,150.81933",08:15,0.0,105,105,772
Camden Valley Way Southbound,"-34.05463,150.80402",08:15,0.0,105,105,772
Camden Valley Way Southbound,"-34.05997,150.78905",08:15,0.0,71,71,772
Camden Valley Way Southbound,"-34.06385,150.78506",08:15,0.0,71,71,772
Camden Valley Way Southbound,"-34.06194,150.78518",08:15,48.27586206896552,30,58,772
Camden Valley Way Southbound,"-34.05627,150.77738",08:15,0.0,74,74,772
Camden Valley Way Southbound,"-34.05294,150.76978",08:15,0.0,65,65,772
Camden Valley Way Southbound,"-34.04699,150.76016",08:15,0.0,74,74,772
Camden Valley Way Southbound,"-34.04154,150.74838",08:15,0.0,74,74,772
Camden Valley Way Southbound,"-34.03972,150.73849",08:15,34.88372093023256,28,43,772
Camden Valley Way Southbound,"-34.04201,150.73104",08:15,12.06896551724138,51,58,772
Camden Valley Way Southbound,"-34.04334,150.72677",08:15,12.06896551724138,51,58,772
Camden Valley Way Southbound,"-34.04739,150.71745",08:15,39.28571428571429,34,56,772
Camden Valley Way Southbound,"-34.05217,150.70991",08:15,39.28571428571429,34,56,772
Camden Valley Way Southbound,"-33.9578,150.88514",08:30,35.0,26,40,772
Camden Valley Way Southbound,"-33.95938,150.88165",08:30,32.0,34,50,772
Camden Valley Way Southbound,"-33.96264,150.87806",08:30,23.636363636363637,42,55,772
Camden Valley Way Southbound,"-33.96977,150.87448",08:30,0.0,84,84,772
Camden Valley Way Southbound,"-33.98025,150.86694",08:30,0.0,105,105,772
Camden Valley Way Southbound,"-33.98927,150.85335",08:30,0.0,105,105,772
Camden Valley Way Southbound,"-34.00056,150.84294",08:30,0.0,105,105,772
Camden Valley Way Southbound,"-34.01272,150.82789",08:30,0.0,105,105,772
Camden Valley Way Southbound,"-34.0297,150.82413",08:30,0.0,105,105,772
Camden Valley Way Southbound,"-34.04615,150.81933",08:30,0.0,105,105,772
Camden Valley Way Southbound,"-34.05463,150.80402",08:30,0.0,105,105,772
Camden Valley Way Southbound,"-34.05997,150.78905",08:30,0.0,67,67,772
Camden Valley Way Southbound,"-34.06385,150.78506",08:30,0.0,67,67,772
Camden Valley Way Southbound,"-34.06194,150.78518",08:30,29.82456140350877,40,57,772
Camden Valley Way Southbound,"-34.05627,150.77738",08:30,25.67567567567568,55,74,772
Camden Valley Way Southbound,"-34.05294,150.76978",08:30,0.0,66,66,772
Camden Valley Way Southbound,"-34.04699,150.76016",08:30,17.333333333333336,62,75,772
Camden Valley Way Southbound,"-34.04154,150.74838",08:30,17.333333333333336,62,75,772
Camden Valley Way Southbound,"-34.03972,150.73849",08:30,20.93023255813954,34,43,772
Camden Valley Way Southbound,"-34.04201,150.73104",08:30,8.771929824561408,52,57,772
Camden Valley Way Southbound,"-34.04334,150.72677",08:30,8.771929824561408,52,57,772
Camden Valley Way Southbound,"-34.04739,150.71745",08:30,10.71428571428571,50,56,772
Camden Valley Way Southbound,"-34.05217,150.70991",08:30,10.71428571428571,50,56,772
Camden Valley Way Southbound,"-33.9578,150.88514",08:45,44.99999999999999,22,40,772
Camden Valley Way Southbound,"-33.95938,150.88165",08:45,0.0,49,49,772
Camden Valley Way Southbound,"-33.96264,150.87806",08:45,0.0,56,56,772
Camden Valley Way Southbound,"-33.96977,150.87448",08:45,0.0,85,85,772
Camden Valley Way Southbound,"-33.98025,150.86694",08:45,0.0,105,105,772
Camden Valley Way Southbound,"-33.98927,150.85335",08:45,0.0,105,105,772
Camden Valley Way Southbound,"-34.00056,150.84294",08:45,0.0,105,105,772
Camden Valley Way Southbound,"-34.01272,150.82789",08:45,0.0,105,105,772
Camden Valley Way Southbound,"-34.0297,150.82413",08:45,0.0,105,105,772
Camden Valley Way Southbound,"-34.04615,150.81933",08:45,0.0,105,105,772
Camden Valley Way Southbound,"-34.05463,150.80402",08:45,0.0,105,105,772
Camden Valley Way Southbound,"-34.05997,150.78905",08:45,2.8169014084507005,69,71,772
Camden Valley Way Southbound,"-34.06385,150.78506",08:45,2.8169014084507005,69,71,772
Camden Valley Way Southbound,"-34.06194,150.78518",08:45,28.07017543859649,41,57,772
Camden Valley Way Southbound,"-34.05627,150.77738",08:45,36.48648648648649,47,74,772
Camden Valley Way Southbound,"-34.05294,150.76978",08:45,0.0,66,66,772
Camden Valley Way Southbound,"-34.04699,150.76016",08:45,0.0,75,75,772
Camden Valley Way Southbound,"-34.04154,150.74838",08:45,0.0,75,75,772
Camden Valley Way Southbound,"-34.03972,150.73849",08:45,55.81395348837209,19,43,772
Camden Valley Way Southbound,"-34.04201,150.73104",08:45,17.24137931034483,48,58,772
Camden Valley Way Southbound,"-34.04334,150.72677",08:45,17.24137931034483,48,58,772
Camden Valley Way Southbound,"-34.04739,150.71745",08:45,10.909090909090914,49,55,772
Camden Valley Way Southbound,"-34.05217,150.70991",08:45,10.909090909090914,49,55,772
Camden Valley Way Southbound,"-33.9578,150.88514",09:00,41.02564102564102,23,39,634
Camden Valley Way Southbound,"-33.95938,150.88165",09:00,24.0,38,50,634
Camden Valley Way Southbound,"-33.96264,150.87806",09:00,16.981132075471695,44,53,634
Camden Valley Way Southbound,"-33.96977,150.87448",09:00,0.0,85,85,634
Camden Valley Way Southbound,"-33.98025,150.86694",09:00,0.0,105,105,634
Camden Valley Way Southbound,"-33.98927,150.85335",09:00,0.0,105,105,634
Camden Valley Way Southbound,"-34.00056,150.84294",09:00,0.0,105,105,634
Camden Valley Way Southbound,"-34.01272,150.82789",09:00,0.0,105,105,634
Camden Valley Way Southbound,"-34.0297,150.82413",09:00,0.0,105,105,634
Camden Valley Way Southbound,"-34.04615,150.81933",09:00,0.0,105,105,634
Camden Valley Way Southbound,"-34.05463,150.80402",09:00,0.0,105,105,634
Camden Valley Way Southbound,"-34.05997,150.78905",09:00,1.4285714285714235,69,70,634
Camden Valley Way Southbound,"-34.06385,150.78506",09:00,1.4285714285714235,69,70,634
Camden Valley Way Southbound,"-34.06194,150.78518",09:00,28.07017543859649,41,57,634
Camden Valley Way Southbound,"-34.05627,150.77738",09:00,0.0,74,74,634
Camden Valley Way Southbound,"-34.05294,150.76978",09:00,0.0,67,67,634
Camden Valley Way Southbound,"-34.04699,150.76016",09:00,0.0,75,75,634
Camden Valley Way Southbound,"-34.04154,150.74838",09:00,0.0,75,75,634
Camden Valley Way Southbound,"-34.03972,150.73849",09:00,60.46511627906976,17,43,634
Camden Valley Way Southbound,"-34.04201,150.73104",09:00,13.793103448275868,50,58,634
Camden Valley Way Southbound,"-34.04334,150.72677",09:00,13.793103448275868,50,58,634
Camden Valley Way Southbound,"-34.04739,150.71745",09:00,0.0,56,56,634
Camden Valley Way Southbound,"-34.05217,150.70991",09:00,0.0,56,56,634
Camden Valley Way Southbound,"-33.9578,150.88514",09:15,0.0,40,40,634
Camden Valley Way Southbound,"-33.95938,150.88165",09:15,22.0,39,50,634
Camden Valley Way Southbound,"-33.96264,150.87806",09:15,16.07142857142857,47,56,634
Camden Valley Way Southbound,"-33.96977,150.87448",09:15,0.0,85,85,634
Camden Valley Way Southbound,"-33.98025,150.86694",09:15,0.0,105,105,634
Camden Valley Way Southbound,"-33.98927,150.85335",09:15,0.0,105,105,634
Camden Valley Way Southbound,"-34.00056,150.84294",09:15,0.0,105,105,634
Camden Valley Way Southbound,"-34.01272,150.82789",09:15,0.0,105,105,634
Camden Valley Way Southbound,"-34.0297,150.82413",09:15,0.0,105,105,634
Camden Valley Way Southbound,"-34.04615,150.81933",09:15,0.0,105,105,634
Camden Valley Way Southbound,"-34.05463,150.80402",09:15,0.0,105,105,634
Camden Valley Way Southbound,"-34.05997,150.78905",09:15,1.4285714285714235,69,70,634
Camden Valley Way Southbound,"-34.06385,150.78506",09:15,1.4285714285714235,69,70,634
Camden Valley Way Southbound,"-34.06194,150.78518",09:15,29.31034482758621,41,58,634
Camden Valley Way Southbound,"-34.05627,150.77738",09:15,0.0,75,75,634
Camden Valley Way Southbound,"-34.05294,150.76978",09:15,0.0,67,67,634
Camden Valley Way Southbound,"-34.04699,150.76016",09:15,0.0,75,75,634
Camden Valley Way Southbound,"-34.04154,150.74838",09:15,0.0,75,75,634
Camden Valley Way Southbound,"-34.03972,150.73849",09:15,60.46511627906976,17,43,634
Camden Valley Way Southbound,"-34.04201,150.73104",09:15,20.68965517241379,46,58,634
Camden Valley Way Southbound,"-34.04334,150.72677",09:15,20.68965517241379,46,58,634
Camden Valley Way Southbound,"-34.04739,150.71745",09:15,10.909090909090914,49,55,634
Camden Valley Way Southbound,"-34.05217,150.70991",09:15,10.71428571428571,50,56,634
Camden Valley Way Southbound,"-33.9578,150.88514",09:30,32.49999999999999,27,40,634
Camden Valley Way Southbound,"-33.95938,150.88165",09:30,34.0,33,50,634
Camden Valley Way Southbound,"-33.96264,150.87806",09:30,0.0,56,56,634
Camden Valley Way Southbound,"-33.96977,150.87448",09:30,0.0,85,85,634
Camden Valley Way Southbound,"-33.98025,150.86694",09:30,0.0,105,105,634
Camden Valley Way Southbound,"-33.98927,150.85335",09:30,0.0,105,105,634
Camden Valley Way Southbound,"-34.00056,150.84294",09:30,0.0,105,105,634
Camden Valley Way Southbound,"-34.01272,150.82789",09:30,0.0,105,105,634
Camden Valley Way Southbound,"-34.0297,150.82413",09:30,0.0,105,105,634
Camden Valley Way Southbound,"-34.04615,150.81933",09:30,0.0,105,105,634
Camden Valley Way Southbound,"-34.05463,150.80402",09:30,0.0,105,105,634
Camden Valley Way Southbound,"-34.05997,150.78905",09:30,0.0,70,70,634
Camden Valley Way Southbound,"-34.06385,150.78506",09:30,0.0,70,70,634
Camden Valley Way Southbound,"-34.06194,150.78518",09:30,20.68965517241379,46,58,634
Camden Valley Way Southbound,"-34.05627,150.77738",09:30,0.0,74,74,634
Camden Valley Way Southbound,"-34.05294,150.76978",09:30,10.447761194029848,60,67,634
Camden Valley Way Southbound,"-34.04699,150.76016",09:30,0.0,75,75,634
Camden Valley Way Southbound,"-34.04154,150.74838",09:30,0.0,75,75,634
Camden Valley Way Southbound,"-34.03972,150.73849",09:30,58.13953488372092,18,43,634
Camden Valley Way Southbound,"-34.04201,150.73104",09:30,10.526315789473683,51,57,634
Camden Valley Way Southbound,"-34.04334,150.72677",09:30,10.526315789473683,51,57,634
Camden Valley Way Southbound,"-34.04739,150.71745",09:30,7.272727272727275,51,55,634
Camden Valley Way Southbound,"-34.05217,150.70991",09:30,7.272727272727275,51,55,634
Camden Valley Way Southbound,"-33.9578,150.88514",09:45,0.0,40,40,634
Camden Valley Way Southbound,"-33.95938,150.88165",09:45,0.0,50,50,634
Camden Valley Way Southbound,"-33.96264,150.87806",09:45,0.0,56,56,634
Camden Valley Way Southbound,"-33.96977,150.87448",09:45,0.0,85,85,634
Camden Valley Way Southbound,"-33.98025,150.86694",09:45,0.0,105,105,634
Camden Valley Way Southbound,"-33.98927,150.85335",09:45,0.0,105,105,634
Camden Valley Way Southbound,"-34.00056,150.84294",09:45,0.0,105,105,634
Camden Valley Way Southbound,"-34.01272,150.82789",09:45,0.0,105,105,634
Camden Valley Way Southbound,"-34.0297,150.82413",09:45,0.0,105,105,634
Camden Valley Way Southbound,"-34.04615,150.81933",09:45,0.0,105,105,634
Camden Valley Way Southbound,"-34.05463,150.80402",09:45,0.0,105,105,634
Camden Valley Way Southbound,"-34.05997,150.78905",09:45,4.225352112676061,68,71,634
Camden Valley Way Southbound,"-34.06385,150.78506",09:45,4.225352112676061,68,71,634
Camden Valley Way Southbound,"-34.06194,150.78518",09:45,33.333333333333336,38,57,634
Camden Valley Way Southbound,"-34.05627,150.77738",09:45,0.0,75,75,634
Camden Valley Way Southbound,"-34.05294,150.76978",09:45,5.970149253731338,63,67,634
Camden Valley Way Southbound,"-34.04699,150.76016",09:45,0.0,75,75,634
Camden Valley Way Southbound,"-34.04154,150.74838",09:45,0.0,75,75,634
Camden Valley Way Southbound,"-34.03972,150.73849",09:45,55.81395348837209,19,43,634
Camden Valley Way Southbound,"-34.04201,150.73104",09:45,0.0,58,58,634
Camden Valley Way Southbound,"-34.04334,150.72677",09:45,0.0,58,58,634
Camden Valley Way Southbound,"-34.04739,150.71745",09:45,0.0,55,55,634
Camden Valley Way Southbound,"-34.05217,150.70991",09:45,0.0,55,55,634
